UFES,ES,-20.2771567,-40.30450932899974
IFES-Viana,ES,-20.363914700000002,-40.44400825172984
INMA - ES,ES,42.33735,-3.6938981
IFES - Centro Serrano,ES,-20.1403943,-40.7248129
IFES - Linhares,ES,-19.4079795,-40.0443882
IFES - Piúma,ES,-20.84047135,-40.72450521621647
IFES - Colatina,ES,-19.5201792,-40.6143012
IFES - Guarapari,ES,-20.6473506,-40.4963486
IFES - Ibatiba,ES,-20.2363818,-41.50776691619774
IFES - Itapina,ES,-19.4977176,-40.7609506
HUCAM - Hospital Universitario Cassiano Antonio Moraes,ES,-20.299703100000002,-40.31835062431116
IFES - Alegre,ES,-20.8027828,-41.1546252
IFES - Aracruz,ES,-19.82431695,-40.263028855479874
IFES - Cariacica,ES,-20.32400515,-40.37161614590846
IFES - São Mateus,ES,-19.82431695,-40.263028855479874
IFES - Venda Nova do Imigrante,ES,-20.32624595,-41.12719460267057
IFES - Serra,ES,-20.1981445,-40.2183068
IFES - Santa Teresa,ES,-19.8055156,-40.6763077
IFES - Nova Venécia,ES,-18.713599950000003,-40.377054131245124
IFES - Cachoeiro de Itapemirim,ES,-20.8027828,-41.1546252
IFES - Vila Velha,ES,-20.34854895,-40.308626791588
UFES - Alegre,ES,-20.76154905,-41.53498949847696
IFES - Vitória,ES,-20.3112451,-40.3183974
FAPES - Fundação de Amparo à Pesquisa e Inovação do Espírito Santo ,ES,-20.276879,-40.3003194
EMESCAM - Escola Superior de Ciências da Santa Casa de Misericórdia de Vitória,ES,-20.2926339,-40.30146970878246
INCAPER - Instituto Capixaba de Pesquisa Assistência Técnica e Extensão Rural,ES,-20.373783,-40.5156939
SECTI - Secretaria de Estado de Ciência Tecnologia Inovação e Educação Profissional,ES,-22.6269691,-43.9014381
UFES - São Mateus,ES,-18.675443299999998,-39.86119660698221
UFF - Rio das Ostras,RJ,-22.504066549999997,-41.9229827284469
UFRRJ - Nova Iguaçu,RJ,-22.74241825,-43.4597029890826
IFRJ - São Gonçalo,RJ,-22.85238755,-43.099745624264344
IFRJ - Volta Redonda,RJ,-22.5189036,-43.9947844
UFF - Macaé,RJ,-22.504066549999997,-41.9229827284469
PESAGRO,RJ,-22.758617299999997,-43.68425828154214
UCP,RJ,-22.510873,-43.1841065
ABC-Sede,RJ,-22.801807699999998,-43.20861854768779
INTO,RJ,-22.89385775,-43.2151033
UFRRJ-Campos dos Goytacazes ,RJ,-21.80258245,-41.292498492387196
CEFET-RJ - Itaguai,RJ,-22.8638402,-43.75097169617632
CEFET-RJ - Angra dos Reis,RJ,-23.02102165,-44.536141829603096
CEFET-RJ - Nova Iguaçu,RJ,-22.70469875,-43.46257647264516
CEFET-RJ - Nova Friburgo,RJ,-22.2459542,-42.52328664241848
IBC,RJ,-22.97526725,-43.39835667759258
HSE,RJ,-22.8433947,-43.5461223
INC,RJ,-21.807455400000002,-41.29431457379144
FUNARTE-RJ,RJ,-22.9050686,-43.1756707
CTAv,RJ,-22.88516465,-43.22908582166166
UFRRJ-Seropedica,RJ,-22.7852043,-43.67997143549255
Colégio Pedro II,RJ,-22.9003046,-43.220966871582206
IFF - Guarus,RJ,-21.7345457,-41.324005
IFF - Itaperuna,RJ,-21.1869705,-41.9286722
IFF - Campos dos Goytacazes,RJ,-21.1869705,-41.9286722
IFF - Macaé,RJ,-22.4050825,-41.844910611184666
LNCC,RJ,-22.5298089,-43.217433
FAETEC,RJ,-22.88631495,-43.24756560268929
CEDERJ,RJ,-22.628479,-43.903317
EBC,RJ,-22.9098956,-43.18344337851356
JBRJ,RJ,-22.965887,-43.2282855
FAPERJ,RJ,-22.9046009,-43.1738039
INMETRO-Sede,RJ,-31.7543688,-52.3378714
UFF - Volta Redonda,RJ,-22.5159911,-44.10490734330335
IMPA,RJ,-22.965267599999997,-43.237691081834186
FUNARTE - RJ,RJ,-22.9050686,-43.1756707
PUC-Rio,RJ,-22.97964355,-43.23315196475536
MAST,RJ,-22.89538435,-43.22264503526542
INMETRO - Rio Comprido,RJ,-22.9283625,-43.2085001
UFF - Santo Antonio de Pádua,RJ,-21.5274935,-42.2002538
IFF - Cabo Frio,RJ,-22.4050825,-41.844910611184666
EMBRAPA-CNPS,RJ,-22.9996136,-43.58225422964228
CETEM,RJ,-22.861013999999997,-43.2205498171935
ON,RJ,42.2454075,-82.94907363862694
INCA,RJ,-22.632545,-43.071721518964516
UFRRJ - Tres Rios,RJ,-22.11601145,-43.19967147979606
INES,RJ,-22.5349042,-44.114434
INT,RJ,-22.8963732,-43.184369
IFRJ - Pinheiral,RJ,-22.5189036,-43.9947844
IFRJ - Mesquita,RJ,-22.7832871,-43.42776701795265
Instituto Eldorado,SP,-22.81259025,-47.061523540240785
IFSP – São José dos Campos,SP,-23.191497849999998,-45.850279637731504
IFSP – Matão,SP,-21.62301605,-48.346945577057944
UFABC – São Bernardo do Campo,SP,-23.677388800000003,-46.564357842078465
IFSP - Boituva,SP,-23.288417600000002,-47.652089419975766
UFSCar – Lagoa do Sino,SP,-23.60437055,-48.539680697691196
IFSP - Campinas,SP,-22.9489749,-47.14941906782852
IFSP - Campus SP,SP,-23.4398096,-46.537148326885514
IFSP – Suzano,SP,-23.5361901,-46.32657167887888
IFSP – Itapetininga,SP,-23.59391075,-48.01865984586592
IFSP – Sertãozinho,SP,-21.1434403,-47.9729072
Universidade Federal de São Carlos – UFSCar,SP,-21.98354135,-47.88067801144076
UFSCar – Sorocaba,SP,-23.5815462,-47.5241906
IFSP – Barretos,SP,-20.5406085,-48.549488606023466
IFSP – Birigui,SP,-21.2489148,-50.31397846593214
FINEP – SP,SP,-22.9327014,-43.17489775
Universidade Federal de São Paulo - UNIFESP,SP,-23.9903597,-46.3008931
Hospital São Paulo,SP,-23.5977766,-46.6435335
IFSP – Registro,SP,-24.5335627,-47.86877272392693
Escola de Enfermagem da USP,SP,-19.92475285,-43.93088443360696
UNICAMP,SP,48.8703655,16.7258147
Faculdade de Saúde Pública da USP,SP,-23.5534822,-46.672724
Hospital das Clínicas,SP,-22.82612585,-47.06436100876955
IFSP - Sorocaba,SP,-23.1968382,-47.3016354476207
USP,SP,-23.56096405,-46.72770807289966
IFSP - São Carlos,SP,-21.9698639,-47.87834936194543
Cinemateca Brasileira,SP,-23.59192495,-46.6460727
UNESP,SP,-22.8494362,-48.4352982
CEMADEN – São José dos Campos,SP,-23.1576612,-45.793064243006185
IFSP – Presidente Epitácio,SP,-21.785702450000002,-52.1118188170575
USP - CEUMA,SP,-23.5461801,-46.650858419619006
UNIFESP – Guarulhos,SP,-23.43899065,-46.403969667654046
IFSP – Bragança Paulista,SP,-22.9489638,-46.55825156422786
Universidade Federal do ABC - UFABC,SP,-23.677388800000003,-46.564357842078465
IFSP – Guarulhos,SP,-23.4398281,-46.53697253637752
IFSP – São João da Boa Vista,SP,-21.967164500000003,-46.81268755003651
IFSP - Salto,SP,-23.1968382,-47.3016354476207
IFSP – Araraquara,SP,-21.9698639,-47.87834936194543
IFSP – São Roque,SP,-23.554477300000002,-47.150224767664874
UNIFESP – São José dos Campos,SP,-23.164686250000003,-45.79334093111363
Hospital Sírio Libanês,SP,-23.557593949999998,-46.65390324214939
Instituto Agronomico (IAC) - Campinas ,SP,-22.8750422,-47.0753293
Faculdade de Medicina da USP,SP,-23.5543653,-46.6704164
UNIFESP – São José dos Campos(PT),SP,-23.164686250000003,-45.79334093111363
Faculdade de Direito - USP,SP,40.208313849999996,-8.426210572290943
Hospital Amparo Maternal,SP,-23.6000575,-46.643394
FUNARTE - SP,SP,-15.7892313,-47.89673193909984
EBC - TV Brasil,SP,-21.7558839,-41.3231569
UFVJM campus I,MG,-17.882517149999998,-41.49756863116414
IFMG campus Santa Luzia,MG,-19.7938385,-43.9140210647198
IFSULDEMINAS campus Três Corações,MG,-21.6924733,-45.26011188062962
IFNMG campus Salinas,MG,-16.1556526,-42.30845960680793
IFNMG campus Januária,MG,-15.447765100000002,-44.36706798605873
UFVJM campus Janaúba,MG,-15.8675632,-43.307304
UFMG campus Pampulha,MG,-19.87317625,-43.97385326636239
IFMG campus São João Evangelista,MG,-18.550287,-42.76251836360061
UFV campus Florestal,MG,-19.8843234,-44.4179023
UNIFAL-MG campus Varginha,MG,-21.42008745,-45.9490588578652
UNIFEI,MG,-19.6738,-43.2132602
UFVJM campus do Mucuri,MG,-17.882517149999998,-41.49756863116414
UFSJ,MG,-21.12335255,-44.25157403065783
UNIFEI campus Itabira,MG,-19.67372915,-43.21255472892473
IFMG campus Betim,MG,-19.9384474,-44.11808556354082
IFRR-Amajari,MG,3.6323238,-61.4107806
IFMG campus Ribeirão das Neves,MG,-19.7597783,-44.089017380607714
IFMG campus Ouro Branco,MG,-20.511814,-43.716323329634676
IFMG campus Governador Valadares,MG,-18.8304194,-41.97585848961644
IFTM campus Uberaba,MG,-19.76961575,-47.94881484279946
IFTM campus Patrocínio,MG,-18.9555708,-46.982953333521486
UFOP,MG,-20.377860249999998,-43.41948534571101
UFJF,MG,-21.77690665,-43.36916061596831
LNA - Laboratório Nacional de Astrofísica,MG,-22.4313543,-45.4911118
IFNMG campus Montes Claros,MG,-16.6869614,-43.82763869605411
IFNMG campus Arinos,MG,-15.922370749999999,-46.13490778388248
UFAM campus Parintins,MG,-2.6334228,-56.73397869325075
IFAM campus Lábrea,MG,-7.5516419,-63.0716106581597
IFAM campus Parintins,MG,-3.39699255,-57.695912198981105
IFNMG campus Almenara,MG,-16.22860065,-40.74387845321317
IFNMG campus Pirapora,MG,-17.3383299,-44.9263827
IFSULDEMINAS campus Muzambinho,MG,-21.350926,-46.5274161
IFSULDEMINAS campus Passos,MG,-20.714574900000002,-46.628169739004974
IFMA - São Raimundo,MG,-2.56730445,-44.3189872022504
IFMG campus Formiga,MG,-20.4529366,-45.43844408944126
UFU campus Umuarama,MG,-18.8836981,-48.25956880793155
UFOP campus João Monlevade,MG,-19.8358432,-43.16787727633134
IFTM campus Paracatú,MG,-17.24758895,-46.88054753300203
UFV campus Viçosa,MG,-20.76763505,-42.858785454528096
UFU campus Monte Carmelo,MG,-18.73615685,-47.48371438868695
IFMG campus Bambuí,MG,-20.030290700000002,-46.007119798772166
IFTM campus Patos de Minas,MG,-18.6464043,-46.49173067701133
ufla,MG,-21.2311625,-44.9940931
IFPR Pinhais,PR,-25.42429045,-49.16321215388488
UFPR Jandaia do Sul,PR,-23.596699450000003,-51.64947849010081
IFPR Jacarezinho,PR,-23.140320600000003,-49.97266763205198
UTFPR Toledo,PR,-26.1967693,-52.68893
UTFPR Medianeira,PR,-25.3011366,-54.1148774
UTFPR Ponta Grossa ,PR,-25.052339699999997,-50.131252881357554
UTFPR Pato Branco ,PR,-26.1964874,-52.6895685
UTFPR Londrina,PR,-23.3072239,-51.114290700735594
UTFPR Francisco Beltrão,PR,-26.08463345,-53.0909228583338
UTFPR Dois Vizinhos ,PR,-25.704215050000002,-53.097350702654424
UTFPR Cornélio Procópio ,PR,-23.18647095,-50.65687010052727
UTFPR,PR,-23.550736450000002,-51.427054673254894
UFPR,PR,-25.3986967,-49.1207032
UFFS Realeza,PR,-25.790079,-53.52758665307769
IFPR Irati,PR,-25.492810300000002,-50.63569050752416
IFPR Curitiba,PR,-25.448438799999998,-49.215257310129275
UFFS Laranjeiras do Sul,PR,-25.444386549999997,-52.444230940338954
UNILA,PR,-25.49482605,-54.56329285463681
UTFPR Apucarana,PR,-23.550736450000002,-51.427054673254894
UTFPR Campo Mourão ,PR,-24.06160715,-52.385998623580136
UEPG - Universidade Estadual de Ponta Grossa,PR,-25.0946814,-50.10330663762768
UFPR Palotina,PR,-24.294873850000002,-53.84182189549614
UFPR Litoral,PR,-25.83520205,-48.539047401147414
UFPR Paranaguá,PR,-25.521638,-48.5072398
IFPR Cascavel,PR,-24.9168295,-53.4171955
IFPR Telêmaco Borba ,PR,-24.33768365,-50.657742059917915
IFPR Assis Chateaubriand ,PR,-24.4030524,-53.5078433
IFPR Londrina,PR,-23.140320600000003,-49.97266763205198
UFPR Toledo,PR,-24.294873850000002,-53.84182189549614
PTI - Parque Tecnológico de Itaipu,PR,-25.43391025,-54.59441297070181
IFPR Barracão,PR,-26.2335843,-53.6389276
IFC-Reitoria,SC,-27.5861353,-48.5027338
UFSC-Blumenau,SC,-26.92081665,-49.098770660279826
UFFS-Chapecó,SC,-27.1162012,-52.70804944442969
UFSC-Joinville,SC,-26.235347400000002,-48.88495518583758
UFSC-Curitibanos,SC,-27.28486365,-50.534780999999995
IFSC-Xanxerê,SC,-26.87663165,-52.41834029947948
IFSC-Urupema,SC,-27.9579981,-49.87188902008204
IFSC-Joinville,SC,-26.4773529,-49.09000467379404
IFSC-Lages,SC,-27.80482815,-50.33825762497101
UFFS-Bom Pastor - Reitoria,SC,-27.1058696,-52.61657674028329
IFC-Fraiburgo,SC,-27.0176077,-50.9180324
IFC-Ibirama,SC,-27.0492065,-49.5386757
IFC-Luzerna,SC,-27.1324518,-51.4630795
IFC-Santa Rosa,SC,-46.4469629,-67.5381196
IFC-Araquari,SC,-26.39507275,-48.737522128332415
IFC-Blumenau,SC,-27.21196755,-49.63971658624256
IFC-Camboriú,SC,-27.0156754,-48.6587804
IFC-Concórdia,SC,-27.2033853,-52.085660098958385
IFC-Sombrio,SC,-29.107985,-49.632776
IFC-São Francisco do Sul,SC,-26.2495087,-48.6308087
IFSC-Araranguá,SC,-28.948679650000003,-49.4936736861374
IFC-Videira,SC,-27.0267235,-51.1451203
IFSC-Caçador,SC,-26.779517249999998,-51.03822456597127
IFSC-Criciúma,SC,-28.678011599999998,-49.33139426413868
IFSC-Chapecó,SC,-27.13723345,-52.59886692466227
IFSC-Itajaí,SC,-26.93177905,-48.685063063082
IFSC-Jaraguá,SC,-26.4773529,-49.09000467379404
UDESC-UFSC,SC,-27.091557299999998,-52.63420758526567
IFSC-São-Carlos,SC,-26.93177905,-48.685063063082
IFSC-Garopaba,SC,-28.0993918,-48.674624872655066
IFSC-São-Miguel,SC,-26.741969,-53.526442774142
IFC-Brusque,SC,-27.0964628,-48.9136323
IFC-Abelardo-Luz,SC,-26.5863876,-52.1047962
IFC-São-Bento-do-Sul,SC,-26.2483669,-49.3820672
IFRS-Porto Alegre,RS,-30.14109165,-51.12911634196581
UNIPAMPA - São Borja,RS,-28.62924595,-56.038680363578536
IFRS - Rolante,RS,-29.6554556,-50.6171228
UFSM,RS,-29.723206150000003,-53.720453363783385
UFPEL - C. Do Leao,RS,-31.80488955,-52.413066555074096
UNIFRA,RS,-29.68443645,-53.810673994258195
UFCSPA,RS,-30.031384799999998,-51.22075940435953
UNIPAMPA - S. Gabriel,RS,-30.3445387,-54.3261323
IFSul - Gravatai,RS,-29.9295641,-51.03881582743747
IFRS - Ibiruba,RS,-28.64958485,-53.103465159152215
IFRS - Osorio,RS,-29.9037199,-50.25660208486366
IFRS - Farroupilha,RS,-29.20250605,-51.348965062912974
IFRS - Caxias,RS,-29.139571,-51.17187668029355
IFRS - Erechim,RS,-27.63913665,-52.29285181375266
IFRS - B. Goncalves,RS,-29.163711900000003,-51.52313085339527
IFRS - Canoas,RS,-29.89894025,-51.15002562153094
UFFS - Erechim,RS,-27.726763849999998,-52.28398803666843
UFFS - P. Fundo,RS,-28.25855765,-52.41612086348627
FURG,RS,-29.8060539,-50.5296182
UFPEL - Porto,RS,-31.7799738,-52.33961759998028
IFSUL - Sapucaia,RS,-29.8151469,-51.1564482
IFSUL - S. Livramento,RS,-30.900641399999998,-55.53270967488182
IFSUL - V Aires,RS,-29.6373046,-52.1706813
UFFS - C. Largo,RS,-28.1422912,-54.7544501
UNIPAMPA - Jaguarao,RS,-32.5547622,-53.392030478950616
FURG - Santa Vitória do Palmar,RS,-33.5349365,-53.382894199999996
UFRGS - Ceclimar,RS,-29.9739773,-50.13793314328471
UFRGS - Gramado,RS,-29.37670945,-50.87742491741779
UNIPAMPA - Uruguaiana,RS,-30.88863805,-55.52901453959372
UNISC,RS,-29.69776605,-52.4375914730459
UFSM - Cachoeira,RS,-30.0126473,-52.9403584
IFRS - Alvorada,RS,-30.00045825,-51.05188445
IFSUL - Bagé,RS,-31.33214045,-54.0716668900218
UNIPAMPA - S. Livramento,RS,-30.88863805,-55.52901453959372
IFSUL - Sapiranga,RS,-29.648356550000003,-51.03202871807708
IFSUL - Lajeado,RS,-29.437061300000003,-51.986941452446985
IFFarroupilha - Santo Augusto,RS,-27.8530048,-53.7905928
UNIPAMPA - Cacapava,RS,-30.4978044,-53.4804726
IFSul - Reitoria,RS,-31.7576331,-52.3336045
FURG – S. Lourenço,RS,-31.367515150000003,-51.98292149099012
IFSUL - Charqueadas,RS,-29.9642287,-51.6251668
IFSUL - Camaqua,RS,-30.865526850000002,-51.80073484967639
IFRS - Viamao,RS,-30.084535799999998,-51.05899135325997
IFRS - Veranopolis,RS,-28.9026371,-51.54908306591497
IFRS - Sertao,RS,-28.047179,-52.27239052616525
IFRS - R. Grande,RS,-30.14109165,-51.12911634196581
IFRS - Restinga,RS,-30.14109165,-51.12911634196581
UNIPAMPA - Bagé,RS,-30.9819936,-54.6737583
UNIPAMPA - D. Pedrito,RS,-30.9819936,-54.6737583
UFSM - Palmeira das Missões,RS,-27.92123435,-53.31962852604205
UFSM - Frederico Westphalen,RS,-27.3969195,-53.428166267578305
UFRGS – Litoral,RS,-29.973445249999997,-50.2286155126359
IFSUL - P. Fundo,RS,-28.24024635,-52.35854105080028
IFSUL - Pelotas,RS,-31.7665289,-52.352534210540895
IFAC - Campus Rio Branco,AC,-9.9838261,-67.821529
IFAC - Campus Baixada do Sol,AC,-9.9838261,-67.821529
IFAC - Campus Sena Madureira,AC,-9.0669881,-68.65945263904626
IFAC - Campus Xapuri,AC,-10.660857499999999,-68.49470470469288
UNIFAP - Campus Marco Zero,AP,-0.0055589,-51.0832778
SARAH,AP,0.0233376,-51.0882291
IFAP - Porto Grande,AP,0.69848965,-51.38897705882044
INPA - Manaus,AM,-3.0973411000000004,-59.986423768847814
SECTI,AM,49.4753371,8.4697685
SUSAM,AM,40.9,69.883333
UEA,AM,24.0002488,53.9994829
UFAM - Coari,AM,-4.09495815,-63.1517610673674
UFAM - Itacoatiara,AM,-3.1428455,-58.4362281
MAMIRAUÁ,AM,-3.1174633,-64.792745
UFAM - Humaitá,AM,-7.507533,-63.0233431
UFAM - Manaus (Setor Sul),AM,-3.1001494,-59.9749807
HEMOAM,AM,-3.0860635,-60.0265973
CMM,AM,-1.5054661999999999,13.274126140168999
CDC,AM,42.3771983,-83.08136881973643
CBA,AM,-31.541710799999997,-64.49094117467187
FUAM,AM,57.6555538,-7.06432905572158
UFOPA - Oriximiná - Campus,PA,-1.7481266500000001,-55.85178670149454
IFPA - Castanhal - Campus,PA,-1.29752545,-47.95037112326011
UEPA - Santarém - Campus,PA,-2.4476581,-54.70229564110564
IFPA - Paragominas - Campus,PA,-2.97847655,-47.37945635
UNIFESSPA - Marabá - Campus II,PA,-5.3659634,-49.0242972
IFPA - Belém - Campus,PA,-1.4384739500000001,-48.46024540376176
Universidade da Amazônia (UNAMA) - Belém - Alcindo Cacela,PA,-1.4385059500000001,-48.477571511457825
CENSIPAM,PA,-1.40937225,-48.46264780037516
UFRA - Belém - Campus Perimetral,PA,-1.4550228,-48.4460066
IFPA - Braganca - Campus,PA,-1.0556871,-46.7850444
UFPA - Belém - Campus Guamá,PA,-1.4677334,-48.44350209253056
UNIFESSPA - Marabá - Campus I,PA,-5.3659634,-49.0242972
UNIFESSPA - Marabá - Campus III,PA,-5.3659634,-49.0242972
UFPA - Abaetetuba - Campus,PA,-1.7242845999999998,-48.86416532059404
UFPA - Castanhal - Centro,PA,-1.1914374,-47.173749
UFOPA - Óbidos - Campus,PA,-1.89582395,-55.51813146529173
IFPA - Tucuruí - Campus,PA,-3.8176552,-49.66446863358173
UEPA - Castanhal - Campus,PA,-2.98559785,-47.35913225
UFRA - Capanema - Campus,PA,-1.1912226,-47.1610996
UFRA - Parauapebas - Campus,PA,-6.0734358,-49.81854058158038
UFPA - Tucuruí - Campus,PA,-3.82993725,-49.663777228614364
UFPA - Cametá - Campus,PA,-2.24665555,-49.504720429884735
UFPA - Capanema - Campus II,PA,-1.1914374,-47.173749
UFPA - Capanema - Campus I,PA,-1.1914374,-47.173749
IFPA - Ananindeua - Campus,PA,-1.3468752,-48.4069589
IFPA - Altamira - Campus,PA,-3.1896946,-52.181757289470724
UFPA - Altamira - Campus,PA,-3.2119449500000004,-52.21271961390102
IFRO - Cacoal,RO,-11.46687645,-61.397272981009976
CENSIPAM - RO,RO,-8.7097054,-63.8963047
IFRO - Calama,RO,-8.74487825,-63.87191381319742
IFRO - Vilhena,RO,-12.704623699999999,-60.118518897264224
UNIR - Campus BR,RO,-11.4136967,-61.45462192562456
UNIR - Centro,RO,-8.7635151,-63.90655463900647
UNIR - Ji-Paraná,RO,-12.753366549999999,-60.141931662859974
UNIR - Vilhena,RO,-12.753366549999999,-60.141931662859974
UNIR - Cacoal,RO,-11.4136967,-61.45462192562456
UNIR - Medici,RO,-11.17565485,-61.88888311128571
IFRO - Ji-Paraná,RO,-10.8820436,-61.96909408703813
IFRO - Ariquemes,RO,-9.95393915,-62.94843880494297
IFRR-Novo-Paraíso,RR,1.25085,-60.4845096
IFRR-Amajari,RR,3.6323238,-61.4107806
UFRR - Paricarana,RR,2.8329953,-60.69515560422522
IFRR - BoaVista,RR,2.81436055,-60.694878244317536
INPA,RR,13.3130749,12.6136611
IFTO-Palmas,TO,-10.1978015,-48.3109141
PoP-TO,TO,35.7117658,139.6272163
UFT - Palmas,TO,-10.1783763,-48.3597189
ETSUS,TO,-26.896322599999998,-49.07401068042008
IFTO-Paraiso,TO,-10.2685319,-48.8877535
IPEM,TO,-31.41481005,-64.52452944475114
UFT-Porto Nacional,TO,-10.1783763,-48.3597189
IFTO-Porto Nacional,TO,-10.1996026,-48.31026267348872
IFTO-Araguatins,TO,-5.6462435499999994,-48.071884441168415
IFTO - Araguaina,TO,-7.1816792,-48.19380094237567
IFAL - Satuba,AL,-9.5747563,-35.821513585490436
UFAL - Arapiraca,AL,-9.69888215,-36.68723123931359
IFAL - Palmeira dos Índios,AL,-9.40603265,-36.65551340735764
IFAL - Arapiraca,AL,-9.40603265,-36.65551340735764
UFAL - Penedo,AL,-10.29725605,-36.57872841986223
UFAL - Delmiro Gouveia,AL,-9.34974565,-37.987597876496835
IFAL - Piranhas,AL,-9.6216539,-37.765808
IFAL - Penedo,AL,-10.2869432,-36.5446142
UFBA - Residencia V,BA,-12.993874949999999,-38.526663546413786
UNIFACS Tancredo Neves,BA,-12.9817128,-38.451301013651985
IFBA-Seabra,BA,-12.4159603,-41.7702441
UFOB-Bom Jesus da Lapa,BA,-13.259344850000002,-43.414221976023626
UFBA - Reitoria,BA,-12.9923846,-38.5211918
IFBA - Reitoria,BA,-12.99316675,-38.52276567045483
FIOCRUZ (BA),BA,-25.494401449999998,-49.3325797
IRDEB,BA,-12.9969132,-38.4998814
UFBA - MAE,BA,-14.877480850000001,-40.81206948160211
IFBA - Barbalho,BA,-12.96213645,-38.50024690537839
UFBA - CAPS,BA,-12.9919781,-38.5173755
UCSAL - Pituacu,BA,-12.9470788,-38.4134366
IBAMETRO,BA,-13.0078951,-38.4621817
UFOB-Barreiras,BA,-12.15050475,-45.00310723069211
IFBA - Lauro,BA,-12.89171485,-38.35463678461538
UNIVASF-Paulo Afonso,BA,-9.382795049999999,-38.22353402520569
UEFS-Lencois,BA,-12.56185275,-41.38977540446459
UEFS-Horto Florestal,BA,-12.2686177,-38.938980849235804
UNEB - Cabula,BA,-12.95183075,-38.45976335104265
UNIFACS - Paralela,BA,-12.961025249999999,-38.43180211847502
UESC,BA,-14.796486699999999,-39.17324934480426
UCSAL - Federacao,BA,-13.00398965,-38.500574540705045
IFBA-Irece,BA,-11.3272582,-41.8649402
UEFS,BA,-12.201148,-38.97083106231155
IFBA-Brumado,BA,-14.1883786,-41.67365125114044
IFBA-Ilheus,BA,-16.4332211,-39.0958722
UniFTC - Paralela,BA,-14.7876294,-39.27504813274445
UFBA - Residencia I,BA,-12.993874949999999,-38.526663546413786
UNIFACS - Rio Vermelho,BA,-13.0011091,-38.501752457922706
LACEN - Bahia,BA,-14.20368645,-41.67559794745188
UFBA - Residencia II,BA,-12.993874949999999,-38.526663546413786
CITEX - 19BC,BA,-15.7763417,-47.928713477276055
UFOB-Santa Maria da Vitoria,BA,-13.390947449999999,-44.193851612506236
TJBA - Fórum Criminal,BA,-12.939421249999999,-38.436422937630994
IFBaiano-Guanambi,BA,-13.2622882,-43.54681156006994
UFRB-Santo Antonio de Jesus,BA,-12.6607627,-39.09099467220828
UFBA-Vitoria da Conquista,BA,-14.877480850000001,-40.81206948160211
IFBA-Vitoria da Conquista,BA,-14.1883786,-41.67365125114044
Hospital Municipal de Salvador,BA,-12.8976886,-38.389892463547795
IFBaiano-Itapetinga,BA,-15.2454393,-40.2286364
UFRB-Santo Amaro,BA,-12.54549765,-38.70917117960414
IFBA-Simoes Filho,BA,-12.8069759,-38.38294326750237
UFBA,BA,-14.877480850000001,-40.81206948160211
IFBA-Paulo Afonso,BA,-9.39031715,-38.21596896445587
UFRB-Cachoeira-Casa da Moeda,BA,-12.6039199,-38.963118736852984
UESB,BA,-14.883714099999999,-40.79552486919042
IFBA-Santo Amaro,BA,-12.546058200000001,-38.7216700476862
UFRB-Cruz das Almas,BA,-12.6607627,-39.09099467220828
IFBaiano-Bom Jesus da Lapa,BA,-13.26126815,-43.54691161847648
TJBA - CAB,BA,-12.9462103,-38.43385159008947
IFBA-Feira de Santana,BA,-12.2901171,-38.9128273
IFBA-Barreiras,BA,-12.152136,-45.00599080831641
UFRB-Feira de Santana,BA,-12.2543745,-38.9262559
IFBA-Porto Seguro,BA,-16.4332211,-39.0958722
UFC - Reitoria,CE,-3.74203195,-38.53895403171897
UNILAB-Auroras,CE,-4.217996250000001,-38.713854006860444
IFCE - Tabuleiro do Norte,CE,-5.23699665,-38.14189283295781
UECE - Itaperi,CE,-3.787157,-38.5523209
ESP - Escola de Saúde Pública,CE,-30.058643500000002,-51.17685544112227
IFCE - Benfica,CE,-3.7447518,-38.536085099601905
IFCE - Sobral,CE,-3.68367835,-40.33980032880767
IFCE - Quixadá,CE,-5.2364346,-38.1417179
IFCE - Maracanau,CE,-3.873204,-38.6111935
IFCE - Limoeiro do Norte,CE,-5.1456257,-38.0977924
IFCE - Iguatu II,CE,-6.3529374,-39.305621199666476
IFCE - Iguatu I,CE,-6.3529374,-39.305621199666476
UNILAB - Palmares,CE,-4.2134551,-38.7000155
IFCE - Boa Viagem,CE,-5.0834966,-39.7066844
UECE-Limoeiro,CE,-5.14773005,-38.10114857161505
IFCE - Taua,CE,-6.0014143,-40.300089814776754
UFC Quixada,CE,-4.9401875,-37.9774361
IFCE - Pecem,CE,-3.6582257,-38.85833639192471
UECE-Quixada,CE,-5.14773005,-38.10114857161505
IFCE - Jaguaribe,CE,-5.2364346,-38.1417179
UFC - Pici,CE,-3.7371965,-38.5715426
HGF - Hospital Geral de Fortaleza,CE,-3.7395495,-38.47626144684169
UVA - Sobral,CE,-3.67660465,-40.340235670870314
UFC - Sobral Derby,CE,-3.6814537,-40.33679076234214
UNILAB - Redencao,CE,-4.222859850000001,-38.72501980204579
IFCE - Camocim,CE,-2.8977135499999997,-40.860795699399795
IFCE - Canindé,CE,-4.3912549,-39.312620475444994
IFCE - Caucaia,CE,-3.6582257,-38.85833639192471
IFCE - Acarau,CE,-2.8977135499999997,-40.860795699399795
IFCE - Aracati,CE,-4.5671837,-37.7913365
IFCE - Baturite,CE,-4.34251155,-38.86474862609435
UFC - Russas,CE,-4.9401875,-37.9774361
IFCE - Crateus,CE,-5.17141375,-40.65814686615536
IFCE - Crato,CE,-7.20433595,-39.448813613903624
UECE - Iguatu,CE,-5.74389255,-39.61998356700473
Hospital Sarah,CE,-22.97331605,-43.376630775934444
IFCE - Reitoria,CE,-3.7511482999999997,-38.5384727804734
UFMA - Bacanga,MA,-2.5609433,-44.312175061267396
IFMA - Barreirinhas,MA,-2.7893985,-42.850052975
Universidade Estadual do Maranhão - UEMA,MA,-2.5790258,-44.20896500826902
HOSPITAL SARAH,MA,-2.5329642999999997,-44.27398202255932
IFMA - Monte Castelo,MA,-2.5357554999999996,-44.277759625
IFMA - Timon,MA,-5.11131665,-42.85363210299148
IFMA - Bacabal,MA,-4.2422783,-44.81636283730004
UFMA - Codó,MA,-4.442808749999999,-43.890424906462876
UFMA - Imperatriz,MA,-5.527821749999999,-47.487876865948124
UFMA - Balsas,MA,-7.529779749999999,-46.04021707830853
IFMA - Reitoria,MA,-2.498801,-44.2859735
IFMA - Itaqui-Bacanga,MA,-2.56730445,-44.3189872022504
IFMA - Centro Histórico,MA,-2.7893985,-42.850052975
IEMA - Centro Histórico,MA,48.848916349999996,2.3574932625000007
IFMA - Santa Inês,MA,-5.49106675,-47.496950056223966
IFMA - Caxias,MA,-5.11131665,-42.85363210299148
IFMA - Imperatriz,MA,-5.49106675,-47.496950056223966
UEMA - Arquitetura,MA,-2.5319877,-44.30567580733274
UEMA - História,MA,-2.5306309,-44.3054542
UFCG – Campina Grande,PB,-7.21424305,-35.90774673147842
UEPB – Direito,PB,-6.1831368,-37.4550534
UEPB – Sede,PB,-6.92477165,-36.40485426808745
UFCG – Cajazeiras,PB,-6.7627161000000005,-38.228151517451835
UFCG – Cuité,PB,-6.49478805,-36.159716513938655
IFPB – Guarabira,PB,-6.857639900000001,-35.47025814530899
IFPB – Cabedelo Avançado,PB,-6.972778699999999,-34.83299267349702
IFPB – Cajazeiras,PB,-6.8895607,-38.5452684
IFPB – Itabaiana,PB,-7.30347495,-35.34590828595829
IFPB – Monteiro,PB,-7.9049046,-37.12015713072231
IFPB – Picuí,PB,-6.508641,-36.36195169803679
IFPB – Princesa Isabel,PB,-7.7589982,-38.0149591
IFPB – Patos,PB,-7.0763815,-37.2868757
UFPB – João Pessoa,PB,-7.1453211,-34.850626
IFPB – Campina Grande,PB,-7.24014,-35.91544060356186
UFPB – Areia,PB,-6.9738483,-35.7163857
UFPB – Bananeiras,PB,-6.7510018,-35.6436482
UFCG – Sousa(centro),PB,-6.8880815,-38.555811130039515
UFCG – Sumé,PB,-7.6718408,-36.87822028423704
UFCG – Patos,PB,-7.05925115,-37.27444345554409
UFCG – Sousa(BR),PB,-6.7627161000000005,-38.228151517451835
UFPB – Mamanguape,PB,-6.80605845,-35.075097496610894
UFPB – Rio Tinto,PB,-6.80605845,-35.075097496610894
IFPB – Sousa,PB,-6.84006005,-38.29846886646936
IFPB – Catolé do Rocha,PB,-6.340530299999999,-37.75584363245973
HEMOPE - Fundação de Hematologia e Hemoterapia de Pernambuco,PE,-8.052809,-34.8981847
CETENE,PE,-8.057990799999999,-34.949558396319944
HAM - Hospital Agamenon Magalhães,PE,-8.03098715,-34.907653133690104
IFPE - Pesqueira,PE,-8.36518085,-36.681050243407
UFRPE - Garanhuns,PE,-8.9061465,-36.4940582
UFRPE - Serra Talhada,PE,-7.9558858,-38.29597002437532
UFRPE - CODAI (São Lourenço da Mata),PE,-7.97503415,-35.07852959210898
IFPE - Caruaru,PE,-8.3219553,-36.4165045
UPE-GARANHUNS,PE,-8.8851572,-36.49662943200629
IFPE-Paulista,PE,-7.94498445,-34.85833980979737
ESPACO CIENCIA,PE,-1.46429945,-48.44539895
ASCES-UNITA,PE,-8.2680152,-35.96454786343922
UPE-CARUARU,PE,-8.8851572,-36.49662943200629
UFAPE-GARANHUNS,PE,-8.90694725,-36.495706200040196
CRCN/NE,PE,-8.05813545,-34.947739945041164
AGGEU,PE,-8.0491277,-34.94904103150411
IFPE - Afogados,PE,-7.7639587,-37.6325782
Instituto de Tecnologia de Pernambuco (ITEP) - Recife,PE,-8.05865825,-34.95311005285574
FACEPE - Fundação de Amparo a Ciência e Tecnologia de PE,PE,-8.060396,-34.901283899999996
IFPE - Jaboatão,PE,-8.11277505,-35.01594645912337
IFPE - Belo Jardim,PE,-8.3219553,-36.4165045
SES (Secretaria de Saúde) - PE,PE,-8.333024850000001,-36.414155185426914
FUNDAJ Recife - Derby,PE,-8.059448249999999,-34.89996298846742
IPA - Instituto Agronômico de Pernambuco,PE,-8.06380695,-34.92524564344885
UNIVASF-PETROLINA,PE,-9.390832750000001,-40.49685666985346
IFPE-CARUARU,PE,-8.3219553,-36.4165045
UFPE - Caruaru,PE,-8.2384514,-35.9813567
IFPE - Ipojuca,PE,-8.38430515,-35.04127875291918
IFPI-Picos,PI,-7.00019185,-42.101121885970805
UFPI-Picos,PI,-7.0814284,-41.43561163598873
IFPI-São João do Piauí,PI,-8.3622906,-42.2543777
IFPI-Piripiri,PI,-4.289872,-41.7934519
Hospital Getúlio Vargas - HGV,PI,-5.08818585,-42.804170552862615
IFPI-Oeiras,PI,-7.00019185,-42.101121885970805
IFPI-Pedro II,PI,-4.44876715,-41.45736066949998
IFPI-CENTRAL,PI,-4.289872,-41.7934519
UESPI-FACIME,PI,-5.09028365,-42.80315866885935
IFPI-Parnaíba,PI,-4.289872,-41.7934519
IFPI-REITORIA,PI,-5.07615745,-42.75211095606509
IFPI-Campo Maior,PI,-4.86350675,-42.14697536699414
IFPI-São Raimundo Nonato,PI,-8.3622906,-42.2543777
UFPI-Bom Jesus,PI,-8.3761783,-43.8589725
IFPI-Cocal,PI,-3.4631488,-41.58311547143195
UNP - Roberto Freire,RN,-5.8619373,-35.1927836
UNP - Nascimento de Castro,RN,-5.8138597999999995,-35.216085843929505
UNP - Floriano Peixoto,RN,-5.7795319,-35.2002892
IFRN - Reitoria,RN,-5.811411,-35.20000085688365
IFRN - Campus Central,RN,-5.8118032,-35.20313849344003
UFRN - SINFO,RN,-5.841485499999999,-35.19868245031725
UNP - Salgado Filho,RN,-5.81420725,-35.20628191130137
SW.CENTRO.CONVENCOES,RN,-5.86225575,-35.182659901449824
IFRN Joao Camara,RN,-5.5454632,-35.79861998373791
IFRN Apodi,RN,-5.62650795,-37.80793120797712
UFRN Currais Novos,RN,-6.25157245,-36.52997164724819
IFRN Santa Cruz,RN,-6.44557005,-37.06909014341832
IFRN Pau dos Ferros,RN,-6.1457117,-38.20443862513922
UFRN Santa Cruz,RN,-5.8377994,-35.20397829326043
UFERSA Angicos,RN,-5.6545457500000005,-36.614305113845994
UFERSA Mossoro,RN,-5.20859095,-37.3181010384514
IFRN Currais Novos,RN,-6.2520664,-36.535904452496766
IFRN Mossoro,RN,-5.5336261,-36.88279831064145
UFERSA - Pau dos Ferros,RN,-6.104798049999999,-38.18320556053
IFRN - São Gonçalo do Amarante,RN,-5.79079655,-35.33848687120734
IFRN - Zona Norte,RN,-5.7490939,-35.260864475897435
IFRN - Parnamirim,RN,-5.9385311,-35.264408
LIGA - CECAN,RN,-5.81570775,-35.22915320603318
UERN - ZN,RN,-5.573867249999999,-36.90879316766207
IFRN - Cidade Alta,RN,-5.78834825,-35.207157008993754
IFRN Caicó,RN,-6.44557005,-37.06909014341832
Base Naval,RN,13.3353096,-87.8344192
UFRN - Escola de Musica,RN,-5.83723865,-35.20657117171345
UERN - Mossoró,RN,-5.573867249999999,-36.90879316766207
IFRN Canguaretama,RN,-6.35926635,-35.16293236659836
IFRN Ceara Mirim,RN,-5.6527136,-35.42896820564843
IFRN Ipanguacu,RN,-5.5336261,-36.88279831064145
UFERSA Caraubas,RN,-5.772194900000001,-37.569104314605994
INPE,RN,-5.8362676,-35.207908251684046
IFRN Sao Paulo do Potengi,RN,-5.89587425,-35.75463061434722
UFRN Caico,RN,-6.25157245,-36.52997164724819
SW.HEMONORTE,RN,-5.8107827499999996,-35.19666158011523
IFS - Aracaju,SE,-10.9155152,-37.065422586381786
ITPS,SE,-10.9259066,-37.0479451
IFS - Tobias Barreto,SE,-11.16225935,-37.982744294225924
IFS - Itabaiana,SE,-10.689469500000001,-37.405456540833654
IFS - Lagarto,SE,-10.93898085,-37.656982456806986
UFS - Itabaiana,SE,-10.681705350000001,-37.43582120422384
UFS - São Cristovão,SE,-10.9271058,-37.101869840097024
UFS - Laranjeiras,SE,-10.8029625,-37.16675719750026
IFS - São Cristovão,SE,-10.689469500000001,-37.405456540833654
IFS - Propriá,SE,-10.241822299999999,-36.85431858619676
IFS - Socorro,SE,-10.85382875,-37.07279337796379
IBICT,DF,-15.804592,-47.881705
Capes,DF,43.0448505,1.3276756
UnB - HVET - Hosp. Veterinário,DF,-15.7491377,-47.8768349
UnB - Práticas Jurídicas,DF,-15.8211861,-48.1133097
FUNARTE,DF,-15.7892313,-47.89673193909984
CNPq,DF,-15.8590789,-47.927221507756464
ENAP,DF,-33.5416119,-70.75774170327638
INMET,DF,-15.78763205,-47.921428344864566
CNE,DF,43.6335207,-79.4177242473176
RNP,DF,-14.1232436,-76.26314999157373
Sarah Lago ,DF,-15.7527096,-47.82932052816312
Sarah centro,DF,-0.1788703,-78.4741073
HFA - Hospital das Forças Armadas,DF,-15.80220365,-47.9348544929847
IFB-Ceilândia,DF,-15.8428682,-48.09821698037808
CAPES - INEP,DF,-27.5725205,-48.5270834
EBC- Empresa Brasil de Comunicação,DF,-21.7558839,-41.3231569
ESR,DF,34.845674849999995,5.708014720029071
FIOCRUZ - DF,DF,-8.0491277,-34.94904103150411
AEB - Agência Espacial Brasileira,DF,-15.815929050000001,-47.94320103389093
CNEN,DF,-14.0684934,-42.49228495706522
CGEE,DF,44.55754575,2.2614240180109864
CMB - Colégio Militar de Brasília,DF,-15.7797132,-47.892924330516166
IFB São Sebastião,DF,-15.8918245,-47.780143328490034
IFB - Samambaia,DF,-15.862324650000001,-48.053692350000006
IFB - Planaltina,DF,-15.6556015,-47.694959
IFB - Brasilia,DF,-15.8918245,-47.780143328490034
INMETRO - DF,DF,-3.7591784,-38.5351298
FNDE,DF,-15.8008805,-47.88337840605698
UNESCO,DF,31.5212326,34.436322
UnB,DF,45.945530250000004,-66.64018313486694
EPL,DF,48.3218532,6.068698232464362
MEC,DF,49.1138894,-122.671695
MCTI,DF,14.37198055,121.02186227827684
IFG – Formosa,GO,-15.562226899999999,-47.327720262756586
UFG – Aparecida,GO,-16.8453303,-49.183442
IFG - Jatai - Flamboyant,GO,-17.8716013,-51.7346933
IFG – Anapolis,GO,-16.3733537,-48.9817442
IFG – Luziania,GO,-14.108896600000001,-46.32755254173889
IFG – Inhumas,GO,-16.372568450000003,-49.499013935777946
UFG – Goias,GO,-16.67831435,-49.242925321125355
IFG – Uruaçu,GO,-14.5093904,-49.1436136
UFJ - Riachuelo,GO,-17.882399149999998,-51.72718342213798
IFG – Aguas Lindas,GO,-14.108896600000001,-46.32755254173889
IFMT - Primavera Leste,MT,-15.555086,-54.28109849862375
IFMT- Alta Floresta,MT,-9.9088623,-56.064871450375236
UFMT - Barra Garças,MT,-15.8755707,-52.3112592
IFMT - Pontes e Lacerda,MT,-15.22852955,-59.35004389446598
IFMT - Sorriso,MT,-12.5780016,-55.7406042
IFMT - São Vicente,MT,-15.8233265,-55.41801761465811
IFMT - Caceres,MT,-16.0913321,-57.6430939
ESR,MT,34.845674849999995,5.708014720029071
INPP - Cuiabá - MT,MT,-15.60647415,-56.06170590072568
IFMT - Reitoria,MT,-15.58848315,-56.10596873070399
UFMT- Cuiaba,MT,-15.610586000000001,-56.064943070134255
UFR - Rondonopolis,MT,-16.4642655,-54.5774662
IFMT-Cuiaba,MT,-15.592217,-56.09870972783693
INPE-MT,MT,-23.20918605,-45.85996025017859
IFMT-Varzea Grande,MT,-15.60361415,-56.177144185408366
IFMT - Confresa,MT,-10.6596234,-51.5645322
IFMT - Bela Vista,MT,-15.5798142,-56.06055951901914
UFMT- Pontal do Araguaia,MT,-15.918720050000001,-52.2781049071247
IFMT- Barra do Garças,MT,-15.8742792,-52.3012812
IFMT - Rondonopolis,MT,-15.555086,-54.28109849862375
UFMT- Sinop,MT,-11.8638797,-55.482768564201066
IFMS – Campus II,MS,-22.07604095,-53.45892927774928
FIOCRUZ - MS,MS,-20.505269849999998,-54.62185472780307
CMCG,MS,-20.43630735,-54.64547563544909
UFMS – Ponta Porã,MS,-22.581878,-55.6828945
UFMS – Três Lagoas II,MS,-20.784042550000002,-51.66555412344492
UFMS – Naviraí,MS,-23.022950899999998,-54.1893747952314
UFMS – Nova Andradina,MS,-22.21730195,-53.33303649906435
UFMS - Pantanal,MS,-19.0003949,-57.6300212
UFMS - Bonito,MS,-21.1152249,-56.51933741913895
IFMS – Ponta Porã,MS,-22.61989555,-55.60968669784913
IFMS – Corumbá,MS,-20.48097245,-55.77279026646503
IFMS – Aquidauana,MS,-20.48097245,-55.77279026646503
IFMS – Três Lagoas,MS,-20.7627554,-51.70567566548175
