ES,IFES - Cachoeiro de Itapemirim,100,100,2.05248717,2.50216221,2.05248717,2.50216221,0.01,3.08,-20.8027828,-41.1546252
ES,IFES - Nova Venécia,100,100,0.56524653,0.93719764,0.56524653,0.93719764,0.0,4.17,-18.713599950000003,-40.377054131245124
ES,INMA - ES,100,100,0.07295227,0.60153134,0.07295227,0.60153134,0.0,1.5,42.33735,-3.6938981
ES,IFES - Itapina,100,100,0.769501339999999,1.43778626,0.76950134,1.43778626,0.01,3.16,-19.4977176,-40.7609506
ES,IFES - Linhares,100,100,0.0449341699999999,0.14116646,0.0449341699999999,0.14116646,0.0,2.34,-19.4079795,-40.0443882
ES,IFES - Piúma,100,100,0.27497568,9.65222858,0.27497568,9.65222858,0.22,1.86,-20.84047135,-40.72450521621647
ES,IFES - Santa Teresa,100,100,0.02619816,0.441596559999999,0.0261981599999999,0.44159656,0.01,2.03,-19.8055156,-40.6763077
ES,IFES - São Mateus,100,100,0.37186919,0.37760942,0.37186919,0.37760942,0.01,3.39,-19.82431695,-40.263028855479874
ES,IFES - Serra,1000,1000,0.26247138,1.94451234,0.026247138,0.194451234,0.0,0.8,-20.1981445,-40.2183068
ES,IFES - Venda Nova do Imigrante,100,100,0.206748429999999,0.92320972,0.206748429999999,0.923209719999999,0.0,5.7,-20.32624595,-41.12719460267057
ES,IFES - Vila Velha,1000,1000,0.05441326,1.03823807,0.005441326,0.103823806999999,0.0,0.74,-20.34854895,-40.308626791588
ES,IFES-Viana,100,100,0.09304665,0.22403509,0.09304665,0.224035089999999,0.0,0.83,-20.363914700000002,-40.44400825172984
ES,SECTI - Secretaria de Estado de Ciência Tecnologia Inovação Educação Profissional,1000,1000,0.01752364,0.11162407,0.001752364,0.011162407,0.0,0.85,-22.6269691,-43.9014381
ES,INCAPER - Instituto Capixaba de Pesquisa Assistência Técnica e Extensão Rural,1000,1000,0.0,0.0,0.021465713,0.832485138,0.0,1.02,-20.373783,-40.5156939
ES,UFES,10000,10000,21.8200119899999,23.70861101,0.2182001199,0.2370861101,0.0,6.02,-20.2771567,-40.30450932899974
ES,UFES - São Mateus,200,200,3.03269191,1.44459859,1.516345955,0.722299295,0.01,3.39,-18.675443299999998,-39.86119660698221
ES,UFES - Alegre,100,100,2.13297031999999,2.95327302999999,2.13297031999999,2.95327302999999,0.01,3.59,-20.76154905,-41.53498949847696
ES,IFES - Vitória,1000,1000,4.70018796,0.88583526,0.470069968,0.088588086,0.0,0.99,-20.3112451,-40.3183974
ES,IFES - Aracruz,100,100,0.13863985,0.9052546,0.13863985,0.9052546,0.01,2.94,-19.82431695,-40.263028855479874
ES,IFES - Alegre,100,100,0.665830949999999,2.62328616,0.665830949999999,2.62328616,0.0,3.29,-20.8027828,-41.1546252
ES,IFES - Colatina,100,100,0.0376139,0.2841568,0.0376139,0.2841568,0.01,3.22,-19.5201792,-40.6143012
ES,IFES - Cariacica,1000,1000,0.07748807,0.5581944,0.007748807,0.05581944,0.0,1.33,-20.32400515,-40.37161614590846
ES,EMESCAM - Escola Superior de Ciências da Santa Casa de Misericórdia de Vitória,1000,1000,6.326888,6.5351123,0.6326888,0.65351123,0.0,0.89,-20.2926339,-40.30146970878246
ES,HUCAM - Hospital Universitario Cassiano Antonio Moraes,1000,1000,3.82520416,4.74014649,0.382520416,0.474014649,0.0,0.96,-20.299703100000002,-40.31835062431116
ES,FAPES - Fundação de Amparo à Pesquisa e Inovação do Espírito Santo ,1000,1000,0.13110861,0.03100511,0.0131108609999999,0.003100511,0.0,0.85,-20.276879,-40.3003194
ES,IFES - Ibatiba,100,100,0.06831122,0.91853782,0.06831122,0.91853782,0.01,7.87,-20.2363818,-41.50776691619774
ES,IFES - Guarapari,100,100,0.296376469999999,1.04604247,0.296376469999999,1.04604247,0.0,1.39,-20.6473506,-40.4963486
ES,IFES - Centro Serrano,100,100,0.02241731,0.036013,0.02241731,0.036013,0.01,2.49,-20.1403943,-40.7248129
RJ,UFRRJ - Nova Iguaçu,100,100,0.7016304,0.10557395,0.7016304,0.10557395,0.0,3.22,-22.74241825,-43.4597029890826
RJ,IFRJ - Mesquita,100,100,0.03529012,0.55812018,0.03529012,0.55812018,0.01,1.0,-22.7832871,-43.42776701795265
RJ,INCA,100,100,0.0,0.0,0.0,0.0,0.0,2.74,-22.632545,-43.071721518964516
RJ,UFRRJ - Tres Rios,100,100,0.0,0.0,0.0,0.0,0.0,3.5,-22.11601145,-43.19967147979606
RJ,IFRJ - Pinheiral,100,100,0.04162063,0.70722163,0.04162063,0.707221629999999,0.0,7.42,-22.5189036,-43.9947844
RJ,IFRJ - São Gonçalo,100,100,0.66594714,0.03884861,0.66594714,0.03884861,0.03,1.4,-22.85238755,-43.099745624264344
RJ,IFRJ - Volta Redonda,100,100,0.05839563,0.80932374,0.05839563,0.80932374,0.0,3.32,-22.5189036,-43.9947844
RJ,UFF - Macaé,100,100,0.03507461,0.99265079,0.03507461,0.99265079,0.0,4.82,-22.504066549999997,-41.9229827284469
RJ,UFF - Rio das Ostras,100,100,0.72616451,3.25377097,0.72616451,3.25377097,0.87,6.39,-22.504066549999997,-41.9229827284469
RJ,INTO,2000,2000,6.48686169,58.10065166,0.324350451,2.9050817615,0.0,2.55,-22.89385775,-43.2151033
RJ,ABC-Sede,1000,1000,0.01183748,0.09674257,0.001183748,0.009674257,0.07,1.54,-22.801807699999998,-43.20861854768779
RJ,INC,2000,2000,5.38999999999999E-05,0.0008446,0.596507205,0.662246060999999,0.08,1.26,-21.807455400000002,-41.29431457379144
RJ,CEFET-RJ - Nova Friburgo,100,100,0.00968885,0.02155996,0.00968885,0.02155996,0.0,2.47,-22.2459542,-42.52328664241848
RJ,CEFET-RJ - Itaguai,100,100,0.09598716,0.72193263,0.09598716,0.72193263,0.0,2.62,-22.8638402,-43.75097169617632
RJ,CEFET-RJ - Nova Iguaçu,100,100,0.05701709,0.68219286,0.0570170899999999,0.68219286,0.0,2.99,-22.70469875,-43.46257647264516
RJ,CEFET-RJ - Angra dos Reis,100,100,0.00124422,0.00267459,0.00124422,0.00267459,0.04,4.0,-23.02102165,-44.536141829603096
RJ,CETEM,2000,2000,0.00005364,0.625131739999999,0.033665548,0.031293681,0.04,1.76,-22.861013999999997,-43.2205498171935
RJ,ON,20000,20000,0.00008005,0.000206139999999999,0.0,0.0,0.0,0.0,42.2454075,-82.94907363862694
RJ,EMBRAPA-CNPS,2000,2000,0.46925745,0.78074753,0.023465833,0.0390535915,0.0,1.13,-22.9996136,-43.58225422964228
RJ,UFRRJ-Campos dos Goytacazes ,100,100,0.0,0.0,0.0,0.0,0.0,9.18,-21.80258245,-41.292498492387196
RJ,Colégio Pedro II,100,100,0.24565086,0.15209239,0.245650859999999,0.15209239,4.65,1.01,-22.9003046,-43.220966871582206
RJ,IFF - Macaé,100,100,0.0214892299999999,0.40000258,0.0214892299999999,0.40000258,0.38,4.13,-22.4050825,-41.844910611184666
RJ,IFF - Guarus,100,100,0.08764328,0.0873827299999999,0.0876432799999999,0.0873827299999999,0.07,4.38,-21.7345457,-41.324005
RJ,IFF - Itaperuna,100,100,0.02976001,0.57023979,0.02976001,0.57023979,0.0,5.58,-21.1869705,-41.9286722
RJ,UFRRJ-Seropedica,2000,2000,0.00175676,0.00102295,0.423329905,1.13368331249999,0.0,1.95,-22.7852043,-43.67997143549255
RJ,INES,2000,2000,0.82609662,1.76109923,0.0413320455,0.08809049,0.0,0.0,-22.5349042,-44.114434
RJ,CTAv,1000,1000,0.01823382,0.01841709,0.001823382,0.001841709,0.04,1.39,-22.88516465,-43.22908582166166
RJ,HSE,2000,2000,0.00006716,0.02249578,0.0740713144999999,0.306457184,0.0,2.3,-22.8433947,-43.5461223
RJ,IBC,1000,1000,0.87737535,0.67574239,0.087737535,0.067574239,0.01,2.12,-22.97526725,-43.39835667759258
RJ,FUNARTE-RJ,1000,1000,0.40298046,2.11477486,0.040298046,0.211477486,0.0,2.23,-22.9050686,-43.1756707
RJ,FAETEC,1000,1000,0.0,0.0,0.0,0.0,0.0,0.0,-22.88631495,-43.24756560268929
RJ,CEDERJ,2000,2000,0.00006591,0.108465869999999,0.0129633329999999,0.0139850905,0.01,2.41,-22.628479,-43.903317
RJ,FAPERJ,1000,1000,0.38748558,0.1065179,0.038753802,0.010731491,0.0,0.0,-22.9046009,-43.1738039
RJ,EBC,2000,2000,0.00496585,0.00122339,0.302961275499999,0.2314869255,0.0,1.16,-22.9098956,-43.18344337851356
RJ,JBRJ,2000,2000,0.28023548,0.00056222,0.045535448,0.3543391035,0.03,1.03,-22.965887,-43.2282855
RJ,UCP,1000,1000,0.0,0.0,0.0,0.0,0.0,2.17,-22.510873,-43.1841065
RJ,PESAGRO,1000,1000,0.01801677,0.02270574,0.001801677,0.002270574,0.19,1.69,-22.758617299999997,-43.68425828154214
RJ,INT,2000,2000,0.68542713,4.7809314,0.0342740315,0.2390941305,0.0,0.0,-22.8963732,-43.184369
RJ,PUC-Rio,10000,10000,218.12637703,79.96923007,2.1812637703,0.799692300699999,0.05,1.29,-22.97964355,-43.23315196475536
RJ,MAST,2000,2000,1.11772945,1.44904758,0.055895853,0.0724773255,0.0,0.0,-22.89538435,-43.22264503526542
RJ,INMETRO-Sede,1000,1000,92.96305389,38.89566415,9.29630538899999,3.889566415,0.01,1.6,-31.7543688,-52.3378714
RJ,IFF - Cabo Frio,100,100,0.18647814,0.58455972,0.18647814,0.584559719999999,0.0,3.28,-22.4050825,-41.844910611184666
RJ,UFF - Volta Redonda,200,200,4.54186682,8.73226251999999,2.27093341,4.36613125999999,0.0,2.99,-22.5159911,-44.10490734330335
RJ,IMPA,21000,21000,7.10291699,10.99130365,0.069189704047619,0.0843857894761904,0.0,1.5,-22.965267599999997,-43.237691081834186
RJ,FUNARTE - RJ,100,100,0.0357626699999999,0.55820934,0.0357626699999999,0.55820934,0.0,0.0,-22.9050686,-43.1756707
RJ,LNCC,10000,10000,85.8595455499999,23.74706751,0.858595455499999,0.2374706751,0.0,2.25,-22.5298089,-43.217433
RJ,INMETRO - Rio Comprido,1000,1000,0.0,0.0,0.0,0.0,0.01,2.13,-22.9283625,-43.2085001
RJ,UFF - Santo Antonio de Pádua,100,100,0.04292965,0.51768208,0.04292965,0.517682079999999,0.0,4.6,-21.5274935,-42.2002538
SP,Universidade Federal do ABC - UFABC,11000,11000,0.0,0.0,0.0553553968181818,0.0447314819090909,0.0,2.46,-23.677388800000003,-46.564357842078465
SP,IFSP – Bragança Paulista,100,100,0.67881141,0.72681863,0.67881141,0.72681863,0.0,2.5,-22.9489638,-46.55825156422786
SP,UNIFESP – Guarulhos,100,100,0.03140774,0.03387554,0.03140774,0.03387554,0.07,1.48,-23.43899065,-46.403969667654046
SP,Universidade Federal de São Carlos – UFSCar,3000,3000,195.59734819,144.80138481,6.51991160633333,4.826712827,0.0,9.83,-21.98354135,-47.88067801144076
SP,UFSCar – Sorocaba,3000,3000,8.191699,1.05757246,0.425818382666666,0.104252009999999,0.0,6.59,-23.5815462,-47.5241906
SP,FINEP – SP,100,100,0.13095502,0.50940835,0.13095502,0.50940835,0.21,0.7,-22.9327014,-43.17489775
SP,Universidade Federal de São Paulo - UNIFESP,11000,11000,0.00018377,0.61073043,1.12646039381818,1.64276358363636,0.0,0.0,-23.9903597,-46.3008931
SP,USP,10000,10000,424.36490323,274.26647474,4.6710553341,5.343683196,0.0,0.64,-23.56096405,-46.72770807289966
SP,Instituto Agronomico (IAC) - Campinas ,1000,1000,0.0,0.00003031,0.0,0.000003031,0.0,9.63,-22.8750422,-47.0753293
SP,Hospital Sírio Libanês,50,50,0.00075875,0.00056645,0.0015175,0.0011329,0.0,0.82,-23.557593949999998,-46.65390324214939
SP,Hospital das Clínicas,10000,10000,99.98638896,443.47649421,0.999863889599999,4.43476494209999,0.0,1.39,-22.82612585,-47.06436100876955
SP,IFSP - São Carlos,1000,1000,0.63297541,0.87867726,0.063297541,0.087867726,0.0,0.0,-21.9698639,-47.87834936194543
SP,IFSP - Sorocaba,100,100,0.008713,0.0177954,0.008713,0.0177954,0.19,2.8,-23.1968382,-47.3016354476207
SP,UNICAMP,20000,20000,298.52693324,4.32830746999999,1.49297663195,1.8488443931,0.0,4.43,48.8703655,16.7258147
SP,Escola de Enfermagem da USP,1000,1000,28.98346839,131.02283112,2.898346839,13.102283112,0.0,0.85,-19.92475285,-43.93088443360696
SP,Faculdade de Saúde Pública da USP,1000,1000,28.98346839,131.02283112,2.898346839,13.102283112,0.0,0.85,-23.5534822,-46.672724
SP,Faculdade de Medicina da USP,1000,1000,28.98346839,131.02283112,2.898346839,13.102283112,0.0,0.85,-23.5543653,-46.6704164
SP,Hospital São Paulo,1000,1000,21.81743766,17.98989162,2.181743766,1.798989162,0.0,1.15,-23.5977766,-46.6435335
SP,IFSP – São José dos Campos,100,100,0.429529479999999,0.30588262,0.42952948,0.30588262,0.08,3.34,-23.191497849999998,-45.850279637731504
SP,IFSP – Matão,100,100,0.56626935,1.06628554,0.56626935,1.06628554,0.0,5.75,-21.62301605,-48.346945577057944
SP,UNESP,10000,10000,114.40884659,205.85105125,1.1440884659,2.0585105125,0.01,1.31,-22.8494362,-48.4352982
SP,UFSCar – Lagoa do Sino,100,100,8.8548346,0.919127709999999,8.8548346,0.919127709999999,11.5,13.51,-23.60437055,-48.539680697691196
SP,IFSP – Presidente Epitácio,100,100,0.63678188,0.06463114,0.63678188,0.06463114,0.0,23.62,-21.785702450000002,-52.1118188170575
SP,CEMADEN – São José dos Campos,2000,2000,21.5269623,1.29301241,2.1540051355,0.5477962215,0.0,2.95,-23.1576612,-45.793064243006185
SP,UNIFESP – São José dos Campos,100,100,0.01384245,0.00446306,0.01384245,0.00446306,1.44,2.93,-23.164686250000003,-45.79334093111363
SP,Cinemateca Brasileira,100,100,0.0082174,0.00028411,0.02077189,0.0238611,0.0,0.94,-23.59192495,-46.6460727
SP,UNIFESP – São José dos Campos(PT),100,100,0.00466360999999999,0.00598649,0.00466361,0.00598649,1.52,3.08,-23.164686250000003,-45.79334093111363
SP,FUNARTE - SP,1000,1000,0.0635495599999999,0.70218374,0.00635495599999999,0.070218374,0.0,2.18,-15.7892313,-47.89673193909984
SP,USP - CEUMA,1000,1000,0.26987102,0.83244291,0.026987102,0.083244291,0.0,1.03,-23.5461801,-46.650858419619006
SP,IFSP - Campinas,100,100,0.54430266,0.70274786,0.54430266,0.70274786,0.0,4.96,-22.9489749,-47.14941906782852
SP,IFSP – Birigui,100,100,0.11551044,0.87459202,0.11551044,0.87459202,0.0,12.09,-21.2489148,-50.31397846593214
SP,IFSP – Barretos,200,200,8.64065549,0.49495769,4.320327745,0.247478844999999,0.01,12.62,-20.5406085,-48.549488606023466
SP,IFSP – Araraquara,100,100,0.08843746,0.64559322,0.08843746,0.64559322,0.03,7.15,-21.9698639,-47.87834936194543
SP,IFSP – São Roque,100,100,0.33367033,0.80675723,0.33367033,0.806757229999999,0.0,2.53,-23.554477300000002,-47.150224767664874
SP,IFSP – São João da Boa Vista,200,200,0.134466399999999,0.19972565,0.0672331999999999,0.099862825,0.1,6.13,-21.967164500000003,-46.81268755003651
SP,IFSP - Salto,100,100,0.51110281,0.50753334,0.51110281,0.50753334,0.12,12.46,-23.1968382,-47.3016354476207
SP,IFSP – Guarulhos,100,100,0.77877939,12.97343723,0.77877939,12.97343723,0.0,1.39,-23.4398281,-46.53697253637752
SP,IFSP – Registro,100,100,1.02322584,2.03892196,1.02322583999999,2.03892196,0.0,7.17,-24.5335627,-47.86877272392693
SP,IFSP - Boituva,100,100,0.28316767,0.04178097,0.28316767,0.04178097,0.17,10.41,-23.288417600000002,-47.652089419975766
SP,IFSP – Itapetininga,100,100,0.18496152,0.33506926,0.18496152,0.33506926,0.01,10.26,-23.59391075,-48.01865984586592
SP,IFSP – Sertãozinho,100,100,0.104780169999999,0.151199989999999,0.104780169999999,0.151199989999999,0.03,8.27,-21.1434403,-47.9729072
SP,IFSP – Suzano,100,100,0.341272409999999,0.30876284,0.341272409999999,0.30876284,0.0,2.08,-23.5361901,-46.32657167887888
SP,UFABC – São Bernardo do Campo,100,100,0.00081376,0.000928159999999999,0.00081376,0.000928159999999999,0.0,0.0,-23.677388800000003,-46.564357842078465
SP,Faculdade de Direito - USP,10000,10000,73.12897957,25.22876256,0.7312897957,0.252287625599999,0.01,1.31,40.208313849999996,-8.426210572290943
SP,Hospital Amparo Maternal,1000,1000,0.0,0.0,0.0,0.0,0.0,0.0,-23.6000575,-46.643394
SP,EBC - TV Brasil,1100,1100,5.64010399,0.01705908,0.512742442727272,0.0355358527272727,0.0,1.01,-21.7558839,-41.3231569
SP,IFSP - Campus SP,1000,1000,0.0,0.0,0.520139595999999,2.480852823,0.0,0.87,-23.4398096,-46.537148326885514
SP,Instituto Eldorado,1000,1000,0.0,0.0,0.0,0.0,0.0,0.0,-22.81259025,-47.061523540240785
MG,IFNMG campus Almenara,100,100,0.13748357,0.70734955,0.13748357,0.70734955,0.28,10.64,-16.22860065,-40.74387845321317
MG,UFV campus Florestal,400,400,0.51337848,5.48666321,0.25668924,2.743331605,0.0,2.19,-19.8843234,-44.4179023
MG,IFMG campus São João Evangelista,100,100,0.51403776,1.82547066999999,0.51403776,1.82547066999999,0.0,4.97,-18.550287,-42.76251836360061
MG,LNA - Laboratório Nacional de Astrofísica,100,100,3.00160089,2.09932744,3.00160089,2.09932744,2.26,15.82,-22.4313543,-45.4911118
MG,IFNMG campus Montes Claros,200,200,0.0926255399999999,0.89433965,0.0463127699999999,0.447169825,0.0,0.53,-16.6869614,-43.82763869605411
MG,UFSJ,1000,1000,7.23763045,2.23444379,0.723763045,0.223444379,0.0,3.87,-21.12335255,-44.25157403065783
MG,IFTM campus Uberaba,100,100,0.1535612,1.13029212,0.1535612,1.13029212,0.0,16.31,-19.76961575,-47.94881484279946
MG,UFOP,1000,1000,41.86926504,69.14773687,4.186926504,6.914773687,0.0,2.15,-20.377860249999998,-43.41948534571101
MG,UFVJM campus do Mucuri,200,200,0.15963796,2.13582433999999,0.07981898,1.06791216999999,0.0,6.18,-17.882517149999998,-41.49756863116414
MG,IFMG campus Ribeirão das Neves,100,100,0.52132739,0.85853461,0.52132739,0.85853461,0.0,1.42,-19.7597783,-44.089017380607714
MG,IFTM campus Patrocínio,100,100,0.03590632,0.27846677,0.03590632,0.27846677,0.0,8.43,-18.9555708,-46.982953333521486
MG,IFSULDEMINAS campus Muzambinho,200,200,1.77916372,3.15929745,0.88958186,1.579648725,0.0,15.97,-21.350926,-46.5274161
MG,IFSULDEMINAS campus Passos,100,100,0.47509819,1.04479479,0.47509819,1.04479479,0.07,17.9,-20.714574900000002,-46.628169739004974
MG,IFNMG campus Pirapora,200,200,0.04335728,0.81811963,0.02167864,0.409059815,0.0,8.21,-17.3383299,-44.9263827
MG,IFMG campus Governador Valadares,100,100,78.67915469,1.29922144,78.6791546899999,1.29922144,0.0,4.83,-18.8304194,-41.97585848961644
MG,IFMG campus Ouro Branco,200,200,0.80243607,0.25319295,0.401218035,0.126596475,0.0,2.74,-20.511814,-43.716323329634676
MG,IFMG campus Formiga,100,100,0.172803269999999,0.63620878,0.172803269999999,0.63620878,0.0,5.6,-20.4529366,-45.43844408944126
MG,IFSULDEMINAS campus Três Corações,100,100,0.12594083,0.87826793,0.12594083,0.87826793,0.0,6.32,-21.6924733,-45.26011188062962
MG,IFMG campus Betim,100,100,0.926298829999999,0.59230688,0.92629883,0.59230688,0.0,1.99,-19.9384474,-44.11808556354082
MG,UFU campus Umuarama,200,200,0.47618378,3.66343226,0.23809189,1.83171613,0.0,16.91,-18.8836981,-48.25956880793155
MG,UFVJM campus Janaúba,100,100,0.08412789,0.97810741,0.08412789,0.97810741,0.01,9.24,-15.8675632,-43.307304
MG,IFNMG campus Januária,100,100,0.21068824,1.89830882,0.210688239999999,1.89830882,0.0,10.78,-15.447765100000002,-44.36706798605873
MG,UFV campus Viçosa,2000,2000,23.7618254699999,38.76414604,1.1880912735,1.93820730199999,0.0,3.6,-20.76763505,-42.858785454528096
MG,IFMG campus Bambuí,100,100,18.3596858,0.77077706,18.3596858,0.77077706,0.06,6.11,-20.030290700000002,-46.007119798772166
MG,UFMG campus Pampulha,10000,10000,0.65699664,153.06104466,0.0065699664,1.5306104466,0.0,0.0,-19.87317625,-43.97385326636239
MG,ufla,2000,2000,46.4234694099999,40.29032884,2.3211734705,2.014516442,0.0,5.18,-21.2311625,-44.9940931
MG,IFTM campus Patos de Minas,100,100,0.0510448,0.18717347,0.0510448,0.187173469999999,0.0,12.69,-18.6464043,-46.49173067701133
MG,UFU campus Monte Carmelo,100,100,0.57623867,2.36514981,0.57623867,2.36514981,0.0,14.29,-18.73615685,-47.48371438868695
MG,IFMG campus Santa Luzia,100,100,0.11425305,0.24155539,0.11425305,0.24155539,0.0,0.65,-19.7938385,-43.9140210647198
MG,UFVJM campus I,100,100,0.04549411,0.9925645,0.04549411,0.9925645,0.0,0.52,-17.882517149999998,-41.49756863116414
MG,IFTM campus Paracatú,100,100,1.3056903,2.00916844,1.3056903,2.00916844,0.0,16.78,-17.24758895,-46.88054753300203
MG,UFOP campus João Monlevade,100,100,0.21735001,2.0217158,0.21735001,2.0217158,0.0,2.21,-19.8358432,-43.16787727633134
MG,UNIFAL-MG campus Varginha,200,200,0.1634416,0.41338936,0.0817208,0.20669468,0.0,5.66,-21.42008745,-45.9490588578652
MG,UNIFEI,1000,1000,7.9497178,13.07010906,0.79497178,1.307010906,2.22,15.82,-19.6738,-43.2132602
MG,UNIFEI campus Itabira,200,200,1.44566925,1.82103866999999,0.722834625,0.910519335,0.03,2.94,-19.67372915,-43.21255472892473
MG,IFAM campus Parintins,40,40,0.0,0.00038704,0.0,0.001933975,0.0,0.0,-3.39699255,-57.695912198981105
MG,IFAM campus Lábrea,40,40,0.05443703,0.30765197,0.189544824999999,1.331307375,1.01,657.95,-7.5516419,-63.0716106581597
MG,IFNMG campus Arinos,40,40,0.00396082,0.00622717,0.017254175,0.027653225,0.46,659.02,-15.922370749999999,-46.13490778388248
MG,UFAM campus Parintins,40,40,0.10579476,0.0839981,0.264707775,0.4153268,53.44,623.8,-2.6334228,-56.73397869325075
MG,IFNMG campus Salinas,200,200,0.194445989999999,5.88848066,0.0972229949999999,2.94424033,0.0,10.47,-16.1556526,-42.30845960680793
PR,PTI - Parque Tecnológico de Itaipu,1000,1000,2.69328600999999,8.66138877,0.269328601,0.866138877,0.05,10.67,-25.43391025,-54.59441297070181
PR,UFPR Toledo,100,100,0.0,0.0,0.0,0.0,0.0,13.08,-24.294873850000002,-53.84182189549614
PR,IFPR Cascavel,100,100,0.03882194,0.71644948,0.03882194,0.71644948,0.0,9.28,-24.9168295,-53.4171955
PR,IFPR Assis Chateaubriand ,100,100,0.01406906,0.01909508,0.01406906,0.01909508,0.0,9.92,-24.4030524,-53.5078433
PR,IFPR Curitiba,1000,1000,5.07735169,24.10928571,0.507735169,2.410928571,0.0,0.72,-25.448438799999998,-49.215257310129275
PR,UFFS Laranjeiras do Sul,100,100,2.57539111,2.48020024,2.57539111,2.48020024,0.0,10.65,-25.444386549999997,-52.444230940338954
PR,IFPR Irati,100,100,0.03979654,0.32248112,0.03979654,0.322481119999999,0.0,3.29,-25.492810300000002,-50.63569050752416
PR,UTFPR,20000,20000,0.0,0.00001414,0.186732283799999,0.32171568645,0.0,0.26,-23.550736450000002,-51.427054673254894
PR,UFPR,20000,20000,0.0,0.00001617,0.3708250118,0.4471046714,0.0,0.19,-25.3986967,-49.1207032
PR,UTFPR Apucarana,200,200,0.85075367,0.92102197,0.425376835,0.460510985,0.0,10.71,-23.550736450000002,-51.427054673254894
PR,UTFPR Campo Mourão ,200,200,0.17122361,0.808712099999999,0.0856118049999999,0.404356049999999,0.0,13.94,-24.06160715,-52.385998623580136
PR,UFPR Palotina,200,200,0.94116553,3.20501064999999,0.470582765,1.602505325,50.33,12.63,-24.294873850000002,-53.84182189549614
PR,UTFPR Francisco Beltrão,200,200,0.08659875,0.53583018,0.043299375,0.26791509,0.0,9.83,-26.08463345,-53.0909228583338
PR,UTFPR Londrina,200,200,0.28998637,0.358834239999999,0.144993185,0.179417119999999,0.0,6.5,-23.3072239,-51.114290700735594
PR,UTFPR Cornélio Procópio ,200,200,58.62573753,5.63099723,29.312868765,2.815498615,0.01,6.39,-23.18647095,-50.65687010052727
PR,UTFPR Dois Vizinhos ,200,200,0.35819032,1.20473666,0.17909516,0.60236833,0.0,10.19,-25.704215050000002,-53.097350702654424
PR,UTFPR Pato Branco ,300,300,0.353987049999999,8.71780307,0.117995683333333,2.90593435666666,0.0,9.15,-26.1964874,-52.6895685
PR,UTFPR Ponta Grossa ,200,200,0.25528024,2.27383713,0.12764012,1.13691856499999,0.0,2.58,-25.052339699999997,-50.131252881357554
PR,UEPG - Universidade Estadual de Ponta Grossa,3000,3000,0.0,0.0,0.160235948,1.108191538,0.0,2.85,-25.0946814,-50.10330663762768
PR,UFPR Paranaguá,100,100,0.0367737,0.75957056,0.0367737,0.75957056,0.0,1.68,-25.521638,-48.5072398
PR,UFPR Litoral,200,200,28.44677407,1.55130852,14.223387035,0.77565426,1.17,6.62,-25.83520205,-48.539047401147414
PR,UFFS Realeza,100,100,5.57673353,2.30550429,5.57673353,2.30550429,0.0,10.23,-25.790079,-53.52758665307769
PR,UNILA,1000,1000,5.43967134999999,42.72055977,0.543967134999999,4.272055977,0.04,10.93,-25.49482605,-54.56329285463681
PR,IFPR Barracão,100,100,0.00287277,0.00336429,0.00287276999999999,0.00336429,0.0,10.73,-26.2335843,-53.6389276
PR,UFPR Jandaia do Sul,100,100,0.32755669,1.57614384,0.32755669,1.57614384,0.0,8.17,-23.596699450000003,-51.64947849010081
PR,IFPR Pinhais,100,100,0.0130329,0.08426931,0.0130329,0.08426931,0.0,1.17,-25.42429045,-49.16321215388488
PR,IFPR Telêmaco Borba ,200,200,0.0117192999999999,0.156330339999999,0.00585964999999999,0.0781651699999999,0.0,3.91,-24.33768365,-50.657742059917915
PR,IFPR Londrina,100,100,0.01655227,0.62832099,0.01655227,0.62832099,0.11,6.59,-23.140320600000003,-49.97266763205198
PR,UTFPR Toledo,200,200,0.169248309999999,0.51240384,0.0846241549999999,0.25620192,0.0,9.8,-26.1967693,-52.68893
PR,UTFPR Medianeira,200,200,0.31537337,2.67726204,0.157686685,1.33863102,0.0,11.17,-25.3011366,-54.1148774
PR,IFPR Jacarezinho,100,100,0.44700521,0.79460086,0.44700521,0.79460086,0.0,8.44,-23.140320600000003,-49.97266763205198
SC,UFSC-Blumenau,200,200,11.69596146,25.1082170199999,5.84798073,12.55410851,0.0,3.7,-26.92081665,-49.098770660279826
SC,UFFS-Chapecó,1000,1000,9.4488281,52.73843186,0.944882809999999,5.273843186,0.0,16.13,-27.1162012,-52.70804944442969
SC,UFFS-Bom Pastor - Reitoria,200,200,24.17935775,2.1737401,12.089678875,1.08687005,0.0,15.99,-27.1058696,-52.61657674028329
SC,IFSC-Xanxerê,100,100,0.07185809,0.47493004,0.07185809,0.47493004,0.0,11.22,-26.87663165,-52.41834029947948
SC,IFSC-Urupema,100,100,0.03081524,0.21644474,0.03081524,0.21644474,0.0,5.9,-27.9579981,-49.87188902008204
SC,UFSC-Joinville,300,300,12.6612104499999,3.14122108999999,4.22040348333333,1.04707369666666,0.0,4.49,-26.235347400000002,-48.88495518583758
SC,UFSC-Curitibanos,100,100,0.00189197,0.00234692,0.00189197,0.00234692,0.0,7.29,-27.28486365,-50.534780999999995
SC,IFC-Reitoria,1000,1000,2.27259809,1.49845287999999,0.227259808999999,0.149845288,0.01,15.95,-27.5861353,-48.5027338
SC,UDESC-UFSC,10000,10000,3.64744037,271.52018712,0.0364744037,2.7152018712,0.0,0.29,-27.091557299999998,-52.63420758526567
SC,IFSC-Garopaba,100,100,0.11791809,0.248344109999999,0.11791809,0.248344109999999,0.0,1.7,-28.0993918,-48.674624872655066
SC,IFSC-São-Carlos,100,100,0.03480455,0.08622658,0.03480455,0.08622658,0.0,16.59,-26.93177905,-48.685063063082
SC,IFSC-São-Miguel,100,100,0.0987815299999999,0.4317379,0.09878153,0.4317379,0.0,17.63,-26.741969,-53.526442774142
SC,IFC-Brusque,100,100,0.0372393399999999,0.28426193,0.0372393399999999,0.28426193,0.01,3.6,-27.0964628,-48.9136323
SC,IFC-São-Bento-do-Sul,100,100,0.06332004,0.421106549999999,0.06332004,0.421106549999999,0.0,10.26,-26.2483669,-49.3820672
SC,IFC-Abelardo-Luz,100,100,0.04587676,0.38052759,0.04587676,0.38052759,0.01,14.6,-26.5863876,-52.1047962
SC,IFC-Camboriú,200,200,0.36645565,3.12170714999999,0.183227825,1.56085357499999,0.0,2.58,-27.0156754,-48.6587804
SC,IFC-Concórdia,100,100,0.63652877,0.59124972,0.63652877,0.59124972,0.0,19.4,-27.2033853,-52.085660098958385
SC,IFC-Araquari,200,200,0.48864291,1.8354955,0.244321455,0.91774775,0.01,4.97,-26.39507275,-48.737522128332415
SC,IFC-Blumenau,100,100,0.1170122,0.69942206,0.1170122,0.69942206,0.0,3.06,-27.21196755,-49.63971658624256
SC,IFSC-Jaraguá,100,100,0.08023685,1.07736827,0.08023685,1.07736827,0.0,4.84,-26.4773529,-49.09000467379404
SC,IFSC-Joinville,100,100,3.12985362,1.19961653,3.12985362,1.19961653,0.01,17.21,-26.4773529,-49.09000467379404
SC,IFSC-Lages,100,100,0.43167719,4.86114341,0.43167719,4.86114341,0.01,5.91,-27.80482815,-50.33825762497101
SC,IFSC-Chapecó,100,100,0.1159526,0.305967,0.1159526,0.305967,0.0,16.42,-27.13723345,-52.59886692466227
SC,IFSC-Criciúma,100,100,0.06366069,0.30105968,0.06366069,0.30105968,0.0,22.12,-28.678011599999998,-49.33139426413868
SC,IFSC-Itajaí,100,100,0.18347728,0.318790419999999,0.18347728,0.318790419999999,0.01,3.68,-26.93177905,-48.685063063082
SC,IFSC-Caçador,100,100,0.00412009,0.04012801,0.00412009,0.04012801,0.0,11.73,-26.779517249999998,-51.03822456597127
SC,IFC-Ibirama,100,100,0.0473636,0.55439441,0.0473636,0.55439441,6.95,7.72,-27.0492065,-49.5386757
SC,IFC-Fraiburgo,100,100,0.63652877,0.59124972,0.63652877,0.59124972,0.0,13.53,-27.0176077,-50.9180324
SC,IFC-Santa Rosa,100,100,0.29398279,1.5663421,0.29398279,1.5663421,0.01,4.59,-46.4469629,-67.5381196
SC,IFC-Luzerna,200,200,0.88727298,0.70105141,0.44363649,0.350525705,0.0,16.01,-27.1324518,-51.4630795
SC,IFC-São Francisco do Sul,200,200,0.17302837,0.2448796,0.086514185,0.1224398,0.0,5.02,-26.2495087,-48.6308087
SC,IFC-Sombrio,100,100,0.08772709,0.16167525,0.08772709,0.16167525,0.0,21.79,-29.107985,-49.632776
SC,IFSC-Araranguá,100,100,0.06761267,0.30812989,0.06761267,0.30812989,0.0,4.9,-28.948679650000003,-49.4936736861374
SC,IFC-Videira,200,200,0.25756375,1.02639146,0.128781875,0.51319573,0.01,11.45,-27.0267235,-51.1451203
RS,IFRS - Restinga,100,100,0.24447354,0.36435377,0.24447354,0.36435377,0.0,0.9,-30.14109165,-51.12911634196581
RS,IFRS - R. Grande,100,100,0.55171266,1.80067739999999,0.55171266,1.80067739999999,0.03,5.91,-30.14109165,-51.12911634196581
RS,IFRS - Osorio,100,100,0.25940412,0.236148769999999,0.25940412,0.23614877,0.0,2.28,-29.9037199,-50.25660208486366
RS,IFRS - Viamao,100,100,0.01409792,0.07625595,0.01409792,0.0762559499999999,0.02,2.43,-30.084535799999998,-51.05899135325997
RS,IFSUL - Camaqua,100,100,0.04260117,0.37335852,0.04260117,0.37335852,0.0,3.87,-30.865526850000002,-51.80073484967639
RS,IFRS - Sertao,200,200,0.553127569999999,5.91928711,0.276563784999999,2.959643555,0.05,6.22,-28.047179,-52.27239052616525
RS,IFRS - Veranopolis,100,100,0.04374922,0.00102045,0.04374922,0.00102045,0.0,4.3,-28.9026371,-51.54908306591497
RS,IFSUL - Charqueadas,100,100,0.08619844,0.15241627,0.08619844,0.15241627,0.85,3.67,-29.9642287,-51.6251668
RS,IFSUL - Pelotas,1000,1000,0.0,0.0,0.0,0.0,0.0,4.43,-31.7665289,-52.352534210540895
RS,IFRS - Ibiruba,100,100,3.77660393,1.2337082,3.77660393,1.2337082,0.0,7.99,-28.64958485,-53.103465159152215
RS,IFRS - Farroupilha,100,100,0.39250556,0.34548702,0.39250556,0.34548702,0.0,2.95,-29.20250605,-51.348965062912974
RS,IFRS - Erechim,100,100,0.36625526,1.57756105,0.36625526,1.57756105,0.0,8.13,-27.63913665,-52.29285181375266
RS,IFRS - Caxias,100,100,0.65831635,0.76951644,0.65831635,0.76951644,0.0,2.97,-29.139571,-51.17187668029355
RS,IFRS - Canoas,100,100,9.10591537,0.34624977,9.10591537,0.34624977,0.0,5.05,-29.89894025,-51.15002562153094
RS,IFRS - B. Goncalves,100,100,1.05332908,0.33727144,1.05332908,0.33727144,0.02,5.03,-29.163711900000003,-51.52313085339527
RS,IFFarroupilha - Santo Augusto,100,100,0.0191085,0.0374569,0.0191085,0.0374569,0.56,7.95,-27.8530048,-53.7905928
RS,FURG,1000,1000,32.03024311,62.22901603,3.203024311,6.222901603,0.02,8.7,-29.8060539,-50.5296182
RS,FURG – S. Lourenço,100,100,0.04988859,0.31544433,0.04988859,0.31544433,0.03,5.26,-31.367515150000003,-51.98292149099012
RS,UFSM - Palmeira das Missões,100,100,0.453504419999999,5.92981598,0.453504419999999,5.92981598,0.59,11.23,-27.92123435,-53.31962852604205
RS,UFSM - Frederico Westphalen,100,100,0.27817864,4.24004052,0.27817864,4.24004052,0.62,9.43,-27.3969195,-53.428166267578305
RS,UFRGS – Litoral,100,100,3.40836621,0.957206,3.40836621,0.957206,0.0,2.49,-29.973445249999997,-50.2286155126359
RS,UFRGS - Gramado,100,100,0.10902319,0.05385984,0.109023189999999,0.05385984,0.02,2.98,-29.37670945,-50.87742491741779
RS,UNIPAMPA - Cacapava,100,100,0.81417529,0.77872245,0.81417529,0.77872245,0.03,7.31,-30.4978044,-53.4804726
RS,UNIPAMPA - Bagé,100,100,1.0207987,0.89871206,1.0207987,0.89871206,0.0,8.18,-30.9819936,-54.6737583
RS,UNIPAMPA - D. Pedrito,100,100,0.61090421,0.50812386,0.61090421,0.50812386,0.0,9.37,-30.9819936,-54.6737583
RS,UNIPAMPA - Jaguarao,80,80,0.742655829999999,0.61147497,0.9283197875,0.764343712499999,1.74,5.89,-32.5547622,-53.392030478950616
RS,UNIPAMPA - São Borja,100,100,0.68485043,1.0585813,0.68485043,1.0585813,0.02,13.88,-28.62924595,-56.038680363578536
RS,UNIPAMPA - S. Gabriel,100,100,0.55560934,0.410227299999999,0.55560934,0.4102273,0.02,9.03,-30.3445387,-54.3261323
RS,UNIPAMPA - S. Livramento,100,100,3.27961685,0.364863169999999,3.27961685,0.364863169999999,0.0,10.72,-30.88863805,-55.52901453959372
RS,UNIPAMPA - Uruguaiana,100,100,0.92083943,2.76839192,0.92083943,2.76839192,0.0,8.39,-30.88863805,-55.52901453959372
RS,FURG - Santa Vitória do Palmar,100,100,0.1969785,2.89803245,0.1969785,2.89803245,0.0,7.06,-33.5349365,-53.382894199999996
RS,UNISC,1000,1000,0.00166932,0.00651668999999999,0.000166932,0.000651669,0.0,2.79,-29.69776605,-52.4375914730459
RS,IFRS-Porto Alegre,1000,1000,0.72737288,2.84266967,0.072737288,0.284266967,0.0,0.56,-30.14109165,-51.12911634196581
RS,UFCSPA,1000,1000,8.59531149,6.82731203,0.859531149,0.682731203,0.0,1.02,-30.031384799999998,-51.22075940435953
RS,UFSM - Cachoeira,100,100,0.14296008,1.1383492,0.14296008,1.1383492,0.03,9.15,-30.0126473,-52.9403584
RS,IFSUL - Bagé,100,100,0.01200912,0.1132833,0.01200912,0.1132833,0.0,8.22,-31.33214045,-54.0716668900218
RS,IFSUL - Sapiranga,100,100,0.00472178,0.01955549,0.00472178,0.01955549,0.02,2.7,-29.648356550000003,-51.03202871807708
RS,IFSUL - Lajeado,200,200,0.00281043,0.26934202,0.019037335,0.239149025,0.0,6.48,-29.437061300000003,-51.986941452446985
RS,IFRS - Alvorada,100,100,0.09822589,0.24909047,0.09822589,0.24909047,0.03,1.53,-30.00045825,-51.05188445
RS,IFRS - Rolante,100,100,0.00549675,0.0547295899999999,0.00549675,0.0547295899999999,0.0,2.23,-29.6554556,-50.6171228
RS,IFSul - Gravatai,100,100,0.05307362,0.38520292,0.05307362,0.38520292,0.0,1.47,-29.9295641,-51.03881582743747
RS,UNIFRA,50,50,2.43599436,0.3874833,4.87198872,0.7749666,0.0,4.01,-29.68443645,-53.810673994258195
RS,IFSul - Reitoria,1000,1000,9.5725899,1.22802808,0.95725899,0.122802808,0.0,5.77,-31.7576331,-52.3336045
RS,UFSM,2000,2000,83.09906761,317.90718541,4.15495338049999,15.8953592705,0.0,11.86,-29.723206150000003,-53.720453363783385
RS,UFRGS - Ceclimar,100,100,3.65310993999999,3.27683900999999,3.65310994,3.27683900999999,0.0,2.64,-29.9739773,-50.13793314328471
RS,UFPEL - Porto,2000,2000,37.3432870499999,83.1369642699999,1.8671643525,4.1568482135,0.0,4.45,-31.7799738,-52.33961759998028
RS,UFFS - Erechim,100,100,7.30225504,3.10563127,7.30225503999999,3.10563127,0.0,5.75,-27.726763849999998,-52.28398803666843
RS,UFFS - C. Largo,100,100,3.93078441999999,1.33060389999999,3.93078441999999,1.33060389999999,0.52,10.0,-28.1422912,-54.7544501
RS,UFPEL - C. Do Leao,200,200,2.32471361,4.34920929,1.162356805,2.174604645,0.09,5.31,-31.80488955,-52.413066555074096
RS,UFFS - P. Fundo,100,100,3.46058691,0.98907815,3.46058691,0.98907815,0.0,7.17,-28.25855765,-52.41612086348627
RS,IFSUL - Sapucaia,100,100,1.52507514,2.5783603,1.52507513999999,2.5783603,0.03,3.14,-29.8151469,-51.1564482
RS,IFSUL - V Aires,100,100,0.03885668,0.89950117,0.03885668,0.89950117,0.0,4.46,-29.6373046,-52.1706813
RS,IFSUL - S. Livramento,60,60,0.10040056,0.52686116,0.167334266666666,0.878101933333333,0.0,10.73,-30.900641399999998,-55.53270967488182
AC,IFAC - Campus Rio Branco,1000,1000,0.166507269999999,0.6619865,0.0166507269999999,0.06619865,0.0,1.17,-9.9838261,-67.821529
AC,IFAC - Campus Baixada do Sol,1000,1000,0.03114761,0.04546037,0.003114761,0.004546037,0.05,1.08,-9.9838261,-67.821529
AC,IFAC - Campus Sena Madureira,100,100,0.34785956,0.8720444,0.34785956,0.8720444,0.01,2.61,-9.0669881,-68.65945263904626
AC,IFAC - Campus Xapuri,100,100,0.16679906,2.68139543,0.16679906,2.68139543,0.0,3.19,-10.660857499999999,-68.49470470469288
AP,IFAP - Porto Grande,30,30,0.08388462,0.90914692,0.2796154,3.03048973333333,0.0,1.96,0.69848965,-51.38897705882044
AP,SARAH,1000,1000,0.22136909,0.38729684,0.022136909,0.038729684,0.0,0.81,0.0233376,-51.0882291
AP,UNIFAP - Campus Marco Zero,1000,1000,39.88347951,8.41221515,3.988347951,0.841221515,0.0,0.83,-0.0055589,-51.0832778
AM,UFAM - Humaitá,100,100,0.09839136,1.38825901,0.09839136,1.38825901,1.03,9.72,-7.507533,-63.0233431
AM,SUSAM,1000,1000,0.05722538,0.31075283,0.00572253799999999,0.031075283,0.02,1.13,40.9,69.883333
AM,UEA,1000,1000,11.14798266,7.23631528,1.114798266,0.723631528,0.0,0.8,24.0002488,53.9994829
AM,INPA - Manaus,1000,1000,3.08866908,12.27213122,0.308866908,1.227213122,0.0,0.57,-3.0973411000000004,-59.986423768847814
AM,SECTI,1000,1000,0.0,0.00117831999999999,0.0,0.000117831999999999,0.0,0.0,49.4753371,8.4697685
AM,UFAM - Manaus (Setor Sul),1000,1000,0.05009062,0.12169205,0.005009062,0.012169205,0.0,0.37,-3.1001494,-59.9749807
AM,HEMOAM,1000,1000,0.94132043,6.44360241,0.094132043,0.644360241,0.0,0.78,-3.0860635,-60.0265973
AM,FUAM,1000,1000,0.0022935,0.03721965,0.00022935,0.003721965,0.0,0.96,57.6555538,-7.06432905572158
AM,UFAM - Itacoatiara,100,100,0.16163516,3.88956064,0.16163516,3.88956064,0.68,4.15,-3.1428455,-58.4362281
AM,UFAM - Coari,60,60,0.61035538,3.06458051,1.01725896666666,5.10763418333333,11.93,38.56,-4.09495815,-63.1517610673674
AM,MAMIRAUÁ,60,60,2.0035458,15.55157333,3.339243,25.9192888833333,3.76,68.14,-3.1174633,-64.792745
AM,CBA,1000,1000,0.00143041,0.00762392,0.000143041,0.000762392,0.0,0.78,-31.541710799999997,-64.49094117467187
AM,CMM,1000,1000,0.00213679,0.00803901,0.000213679,0.000803901,0.0,1.0,-1.5054661999999999,13.274126140168999
PA,IFPA - Paragominas - Campus,100,100,0.0514882699999999,0.42737446,0.0514882699999999,0.42737446,0.3,4.17,-2.97847655,-47.37945635
PA,UNIFESSPA - Marabá - Campus II,1000,1000,1.04959981,0.16226776,0.104959981,0.016226776,0.0,9.15,-5.3659634,-49.0242972
PA,UNIFESSPA - Marabá - Campus I,1000,1000,0.0,0.0,0.0,0.0,0.0,9.36,-5.3659634,-49.0242972
PA,UFPA - Abaetetuba - Campus,100,100,0.0824661,0.94198976,0.0824661,0.941989759999999,0.0,2.35,-1.7242845999999998,-48.86416532059404
PA,IFPA - Braganca - Campus,100,100,0.03803308,0.84730265,0.03803308,0.847302649999999,0.0,10.62,-1.0556871,-46.7850444
PA,UFRA - Belém - Campus Perimetral,1000,1000,7.63732625,10.0496569,0.763732624999999,1.00496569,0.12,0.83,-1.4550228,-48.4460066
PA,UFRA - Parauapebas - Campus,100,100,0.18882804,1.86636407,0.18882804,1.86636407,0.0,10.62,-6.0734358,-49.81854058158038
PA,UFOPA - Óbidos - Campus,20,20,0.04650657,1.28142408,0.232532849999999,6.4071204,0.16,54.02,-1.89582395,-55.51813146529173
PA,IFPA - Belém - Campus,1000,1000,1.83491335,0.12747457,0.183491335,0.012747457,0.0,0.88,-1.4384739500000001,-48.46024540376176
PA,UEPA - Santarém - Campus,1000,1000,0.00342084,0.00013502,0.000342084,0.000013502,0.0,16.68,-2.4476581,-54.70229564110564
PA,CENSIPAM,1000,1000,0.74239588,17.29368179,0.074239588,1.72936817899999,0.0,1.14,-1.40937225,-48.46264780037516
PA,IFPA - Altamira - Campus,1000,1000,0.243543839999999,0.03189308,0.024354384,0.003189308,0.0,9.68,-3.1896946,-52.181757289470724
PA,IFPA - Ananindeua - Campus,1000,1000,0.39160808,0.02967518,0.039160808,0.00296751799999999,0.0,1.28,-1.3468752,-48.4069589
PA,UFPA - Altamira - Campus,1000,1000,0.73416019,0.174093549999999,0.073416019,0.017409355,0.07,9.74,-3.2119449500000004,-52.21271961390102
PA,UFPA - Belém - Campus Guamá,1000,1000,3.02232012,6.35345028,0.302232012,0.635345028,0.0,0.8,-1.4677334,-48.44350209253056
PA,Universidade da Amazônia (UNAMA) - Belém - Alcindo Cacela,1000,1000,10.67010936,2.72666182,1.067010936,0.272666182,0.07,1.02,-1.4385059500000001,-48.477571511457825
PA,IFPA - Tucuruí - Campus,50,50,0.0,0.0,0.0,0.0,0.0,5.82,-3.8176552,-49.66446863358173
PA,UFOPA - Oriximiná - Campus,20,20,0.04261896,0.98855642,0.2130948,4.9427821,0.45,55.41,-1.7481266500000001,-55.85178670149454
PA,UFPA - Castanhal - Centro,1000,1000,0.75667128,0.02968507,0.075667128,0.002968507,0.0,2.24,-1.1914374,-47.173749
PA,UEPA - Castanhal - Campus,1000,1000,1.27136854,0.17788388,0.127136854,0.017788388,0.0,2.0,-2.98559785,-47.35913225
PA,IFPA - Castanhal - Campus,1000,1000,1.69268113,0.38939652,0.169268112999999,0.038939652,0.0,2.14,-1.29752545,-47.95037112326011
PA,UNIFESSPA - Marabá - Campus III,1000,1000,38.94767827,181.83935605,3.894767827,18.183935605,0.0,9.47,-5.3659634,-49.0242972
PA,UFRA - Capanema - Campus,100,100,0.0,0.0,0.0,0.0,0.0,10.22,-1.1912226,-47.1610996
PA,UFPA - Capanema - Campus II,100,100,0.06170681,0.99709741,0.0617068099999999,0.99709741,0.0,10.19,-1.1914374,-47.173749
PA,UFPA - Cametá - Campus,20,20,0.0080726,0.00834823,0.040363,0.04174115,0.17,10.14,-2.24665555,-49.504720429884735
PA,UFPA - Capanema - Campus I,100,100,0.02595455,0.59389393,0.0259545499999999,0.59389393,0.0,10.13,-1.1914374,-47.173749
PA,UFPA - Tucuruí - Campus,50,50,0.18424676,3.05687956,0.36849352,6.11375912,0.0,5.68,-3.82993725,-49.663777228614364
RO,IFRO - Cacoal,100,100,0.00149879,0.00232298999999999,0.00149878999999999,0.00232299,1.63,16.73,-11.46687645,-61.397272981009976
RO,CENSIPAM - RO,1000,1000,0.0,0.0,0.0,0.0,10.31,3.13,-8.7097054,-63.8963047
RO,IFRO - Calama,1000,1000,0.05550538,0.32536929,0.005550538,0.032536929,0.0,1.16,-8.74487825,-63.87191381319742
RO,IFRO - Vilhena,100,100,0.633808729999999,1.08814105,0.633808729999999,1.08814105,1.13,21.53,-12.704623699999999,-60.118518897264224
RO,UNIR - Campus BR,1000,1000,0.0,0.0,0.0,0.0,0.0,1.52,-11.4136967,-61.45462192562456
RO,UNIR - Centro,1000,1000,13.97353666,3.27120183,1.397353666,0.327120183,0.0,0.97,-8.7635151,-63.90655463900647
RO,UNIR - Ji-Paraná,100,100,0.06044545,0.34540695,0.06044545,0.34540695,0.0,6.67,-12.753366549999999,-60.141931662859974
RO,UNIR - Vilhena,100,100,0.0513088399999999,0.47963754,0.05130884,0.47963754,0.85,21.4,-12.753366549999999,-60.141931662859974
RO,UNIR - Cacoal,100,100,0.02118884,0.00251138,0.02118884,0.00251138,2.47,17.32,-11.4136967,-61.45462192562456
RO,UNIR - Medici,40,40,0.06419412,0.3772775,0.1604853,0.943193749999999,2.19,17.18,-11.17565485,-61.88888311128571
RO,IFRO - Ji-Paraná,100,100,0.25630845,0.8422003,0.25630845,0.8422003,0.0,7.2,-10.8820436,-61.96909408703813
RO,IFRO - Ariquemes,100,100,0.14643467,1.632478,0.14643467,1.632478,0.0,3.1,-9.95393915,-62.94843880494297
RR,IFRR-Amajari,6,40,0.04866203,0.0451968799999999,0.811033833333333,0.1129922,0.0,0.47,3.6323238,-61.4107806
RR,IFRR - BoaVista,1000,1000,1.75684019,3.42908325999999,0.175684019,0.342908326,0.0,1.88,2.81436055,-60.694878244317536
RR,INPA,100,100,0.00162458,0.00626672,0.00162458,0.00626672,0.0,0.89,13.3130749,12.6136611
RR,UFRR - Paricarana,1000,1000,1.21383151,8.30661267,0.121383151,0.830661267,0.0,1.02,2.8329953,-60.69515560422522
RR,IFRR-Novo-Paraíso,20,20,0.21468078,1.10658065,1.0734039,5.53290324999999,0.1,7.22,1.25085,-60.4845096
TO,IPEM,1000,1000,0.0612394,0.02084677,0.00612394,0.002084677,0.02,1.03,-31.41481005,-64.52452944475114
TO,ETSUS,1000,1000,0.04371572,0.00377167,0.004371572,0.000377167,0.0,1.02,-26.896322599999998,-49.07401068042008
TO,UFT-Porto Nacional,100,100,0.74163161,4.55829464,0.74163161,4.55829464,0.05,2.82,-10.1783763,-48.3597189
TO,IFTO-Porto Nacional,100,100,0.03251292,0.63470993,0.0325129199999999,0.63470993,0.02,1.58,-10.1996026,-48.31026267348872
TO,IFTO - Araguaina,100,100,0.00202884,0.03543155,0.00202884,0.03543155,0.16,9.85,-7.1816792,-48.19380094237567
TO,IFTO-Araguatins,100,100,0.0582368,0.13887304,0.0582368,0.13887304,0.06,10.2,-5.6462435499999994,-48.071884441168415
TO,IFTO-Paraiso,100,100,0.03155562,0.721753449999999,0.03155562,0.721753449999999,0.03,3.76,-10.2685319,-48.8877535
TO,PoP-TO,2000,2000,35.75806284,28.5040911499999,1.787903142,1.42520455749999,0.0,0.78,35.7117658,139.6272163
TO,UFT - Palmas,2000,2000,0.05757419,0.60183637,0.681398439999999,0.389945316,0.0,0.31,-10.1783763,-48.3597189
TO,IFTO-Palmas,1000,1000,1.7466274,0.42421072,0.174662739999999,0.042421072,0.03,1.16,-10.1978015,-48.3109141
AL,UFAL - Penedo,100,100,0.0,0.0,0.0,0.0,0.03,2.98,-10.29725605,-36.57872841986223
AL,UFAL - Arapiraca,100,100,3.40361258,0.77231089,3.40361258,0.77231089,0.05,3.3,-9.69888215,-36.68723123931359
AL,IFAL - Arapiraca,100,100,0.68340896,0.02996465,0.68340896,0.02996465,0.02,3.12,-9.40603265,-36.65551340735764
AL,UFAL - Delmiro Gouveia,100,100,0.06557239,1.08064299,0.06557239,1.08064298999999,43.29,4.47,-9.34974565,-37.987597876496835
AL,IFAL - Satuba,100,100,0.19454781,0.0857312599999999,0.19454781,0.0857312599999999,0.92,9.96,-9.5747563,-35.821513585490436
AL,IFAL - Palmeira dos Índios,100,100,0.46877452,0.46615296,0.46877452,0.46615296,0.02,2.79,-9.40603265,-36.65551340735764
AL,IFAL - Penedo,100,100,0.33129651,0.01166999,0.33129651,0.01166999,0.03,3.03,-10.2869432,-36.5446142
AL,IFAL - Piranhas,100,100,0.02390897,0.00282915,0.02390897,0.00282915,0.02,4.32,-9.6216539,-37.765808
BA,UFOB-Santa Maria da Vitoria,100,100,0.049453,0.43332315,0.049453,0.43332315,0.54,61.07,-13.390947449999999,-44.193851612506236
BA,UFOB-Bom Jesus da Lapa,100,100,0.0149622099999999,0.04248004,0.0149622099999999,0.04248004,0.0,14.91,-13.259344850000002,-43.414221976023626
BA,IFBA-Seabra,100,100,0.05030655,1.46738425,0.05030655,1.46738424999999,0.0,11.13,-12.4159603,-41.7702441
BA,IFBaiano-Itapetinga,100,100,0.07735216,0.64427062,0.07735216,0.64427062,0.0,8.66,-15.2454393,-40.2286364
BA,UFRB-Santo Amaro,100,100,0.21215717,0.63441055,0.21215717,0.63441055,0.0,5.41,-12.54549765,-38.70917117960414
BA,IFBA-Simoes Filho,100,100,0.06367051,1.3587459,0.06367051,1.3587459,0.03,1.69,-12.8069759,-38.38294326750237
BA,UFBA,10000,10000,54.82501206,90.47603411,0.5482501206,0.904760341099999,0.01,0.21,-14.877480850000001,-40.81206948160211
BA,UNIFACS Tancredo Neves,3000,3000,0.15398043,1.31957104,0.013961312,0.0935668226666666,0.02,1.17,-12.9817128,-38.451301013651985
BA,IFBaiano-Bom Jesus da Lapa,100,100,0.13575063,0.27511825,0.135750629999999,0.27511825,0.3,56.77,-13.26126815,-43.54691161847648
BA,UFRB-Cruz das Almas,1000,1000,8.87952721,19.19267817,0.887952721,1.919267817,0.0,2.7,-12.6607627,-39.09099467220828
BA,UESB,400,400,13.2654761999999,14.3046643599999,3.31636904999999,3.57616609,0.0,7.14,-14.883714099999999,-40.79552486919042
BA,UEFS,500,500,18.12583518,15.06003237,3.625167036,3.01200647399999,0.0,4.52,-12.201148,-38.97083106231155
BA,UFRB-Cachoeira-Casa da Moeda,100,100,0.14991719,1.73869669,0.14991719,1.73869668999999,0.0,3.19,-12.6039199,-38.963118736852984
BA,IFBA-Santo Amaro,100,100,0.125977199999999,1.46028162,0.125977199999999,1.46028162,0.0,3.25,-12.546058200000001,-38.7216700476862
BA,LACEN - Bahia,1000,1000,0.00012429,0.02059241,0.000012429,0.002059241,0.0,1.11,-14.20368645,-41.67559794745188
BA,UFBA - Residencia II,1000,1000,0.03280629,0.591967579999999,0.003280629,0.0591967579999999,0.0,0.99,-12.993874949999999,-38.526663546413786
BA,UFBA-Vitoria da Conquista,100,100,0.58329232,2.34554177,0.58329232,2.34554177,0.01,7.36,-14.877480850000001,-40.81206948160211
BA,IFBA-Vitoria da Conquista,100,100,0.0,0.0,0.0,0.0,0.0,7.56,-14.1883786,-41.67365125114044
BA,UFRB-Santo Antonio de Jesus,100,100,0.30780417,2.53629424,0.30780417,2.53629424,0.06,2.36,-12.6607627,-39.09099467220828
BA,IFBaiano-Guanambi,100,100,0.0712923999999999,1.49747125,0.0712923999999999,1.49747124999999,0.03,10.92,-13.2622882,-43.54681156006994
BA,IFBA-Paulo Afonso,100,100,0.02920182,0.20139125,0.02920182,0.20139125,0.0,8.64,-9.39031715,-38.21596896445587
BA,IFBA-Feira de Santana,100,100,0.00362958,0.00692814,0.00362958,0.00692814,0.0,2.37,-12.2901171,-38.9128273
BA,IFBA-Porto Seguro,100,100,0.00151186999999999,0.00017307,0.00151186999999999,0.00017307,0.0,0.0,-16.4332211,-39.0958722
BA,IFBA-Barreiras,100,100,0.03588864,0.635679229999999,0.03588864,0.635679229999999,0.2,41.09,-12.152136,-45.00599080831641
BA,UFRB-Feira de Santana,100,100,0.24675426,1.02623336,0.24675426,1.02623336,0.0,2.64,-12.2543745,-38.9262559
BA,UniFTC - Paralela,1000,1000,0.00009915,0.0000481,0.000009915,0.00000481,0.05,1.37,-14.7876294,-39.27504813274445
BA,UEFS-Lencois,2,2,0.01617956,0.26116291,0.808978,13.0581455,34.73,26.47,-12.56185275,-41.38977540446459
BA,UNIVASF-Paulo Afonso,100,100,0.00020573,0.00050408,0.000205729999999999,0.00050408,0.0,0.0,-9.382795049999999,-38.22353402520569
BA,IFBA - Lauro,1000,1000,0.12198751,0.71214998,0.0121987509999999,0.071214998,0.0,1.48,-12.89171485,-38.35463678461538
BA,IFBA - Reitoria,1000,1000,72.40324129,60.20282847,10.793438854,9.277533577,0.0,0.83,-12.99316675,-38.52276567045483
BA,FIOCRUZ (BA),2000,2000,8.09305151,2.78522183999999,0.404652575499999,0.139261091999999,0.01,1.16,-25.494401449999998,-49.3325797
BA,UCSAL - Pituacu,2000,2000,13.93083232,3.14294328,0.696541616,0.157147163999999,0.03,1.26,-12.9470788,-38.4134366
BA,UFOB-Barreiras,1000,1000,0.88834693,3.57284839,0.088834693,0.357284839,7.11,15.35,-12.15050475,-45.00310723069211
BA,UNIFACS - Rio Vermelho,2000,2000,0.02197825,0.19484545,0.0017833525,0.0119839515,0.0,0.97,-13.0011091,-38.501752457922706
BA,UFBA - Residencia I,1000,1000,0.38548787,5.28903236,0.038548787,0.528903236,0.0,1.01,-12.993874949999999,-38.526663546413786
BA,UEFS-Horto Florestal,10,10,0.0084035,0.0935151999999999,0.084035,0.935152,0.0,5.23,-12.2686177,-38.938980849235804
BA,IFBA - Barbalho,10000,10000,40.40624656,24.76976885,0.4912102919,0.3404017328,0.46,0.85,-12.96213645,-38.50024690537839
BA,UFBA - CAPS,1000,1000,0.00761593,0.16765563,0.000761593,0.016765563,0.0,0.89,-12.9919781,-38.5173755
BA,UFBA - MAE,1000,1000,12.58184451,0.81083856,1.258184451,0.081083856,0.0,0.81,-14.877480850000001,-40.81206948160211
BA,UFBA - Reitoria,1000,1000,0.00667735999999999,0.00004563,0.000667735999999999,0.000004563,0.0,0.81,-12.9923846,-38.5211918
BA,UFBA - Residencia V,1000,1000,20.5555920799999,19.63834172,2.05555920799999,1.96383417199999,0.0,0.86,-12.993874949999999,-38.526663546413786
BA,Hospital Municipal de Salvador,1000,1000,7.45081243,8.31055126,0.745081242999999,0.831055126,0.0,1.59,-12.8976886,-38.389892463547795
BA,UESC,300,300,2.89096145999999,4.39387702,0.963653819999999,1.46462567333333,0.0,6.4,-14.796486699999999,-39.17324934480426
BA,IFBA-Irece,100,100,0.0168182799999999,0.09036967,0.0168182799999999,0.09036967,0.01,12.57,-11.3272582,-41.8649402
BA,UCSAL - Federacao,1000,1000,3.14404487,13.9312061199999,0.314404487,1.393120612,0.01,0.83,-13.00398965,-38.500574540705045
BA,UNIFACS - Paralela,2000,2000,2.64679296,3.22156395,0.141965360999999,0.1683192035,0.01,1.13,-12.961025249999999,-38.43180211847502
BA,UNEB - Cabula,10000,10000,0.00447738,0.0000457,0.0721591629,0.0712137001,0.09,1.11,-12.95183075,-38.45976335104265
BA,IFBA-Brumado,100,100,0.03395262,0.87615578,0.03395262,0.876155779999999,0.0,8.61,-14.1883786,-41.67365125114044
BA,IFBA-Ilheus,100,100,0.00775047,0.10131217,0.00775047,0.10131217,0.37,8.39,-16.4332211,-39.0958722
BA,IRDEB,1000,1000,0.0,0.0,0.003084609,0.014346748,0.0,0.83,-12.9969132,-38.4998814
BA,IBAMETRO,1000,1000,0.13318829,1.48935962999999,0.013318829,0.148935962999999,0.02,1.27,-13.0078951,-38.4621817
CE,UFC - Reitoria,1000,1000,13.08363076,10.31030771,1.308363076,1.031030771,0.01,0.67,-3.74203195,-38.53895403171897
CE,UNILAB-Auroras,100,100,0.16003935,2.38260224,0.16003935,2.38260224,0.49,1.69,-4.217996250000001,-38.713854006860444
CE,IFCE - Tabuleiro do Norte,100,100,0.06089462,1.06343554,0.06089462,1.06343554,0.05,9.08,-5.23699665,-38.14189283295781
CE,UECE - Itaperi,1000,1000,6.2029119,5.43080001999999,0.62029119,0.543080002,0.0,0.68,-3.787157,-38.5523209
CE,ESP - Escola de Saúde Pública,1000,1000,0.0,0.0,0.0,0.0,0.0,0.0,-30.058643500000002,-51.17685544112227
CE,IFCE - Benfica,1000,1000,26.96459663,17.2749923,2.696459663,1.72749923,0.02,0.94,-3.7447518,-38.536085099601905
CE,IFCE - Sobral,100,100,0.08275734,0.960683319999999,0.08275734,0.96068332,0.06,3.3,-3.68367835,-40.33980032880767
CE,IFCE - Quixadá,100,100,0.13435713,1.90657591999999,0.13435713,1.90657592,0.23,4.94,-5.2364346,-38.1417179
CE,IFCE - Maracanau,100,100,0.81415806,1.15996583,0.81415806,1.15996583,0.02,0.93,-3.873204,-38.6111935
CE,IFCE - Limoeiro do Norte,100,100,0.00836235,0.0996985899999999,0.00836235,0.09969859,0.03,3.5,-5.1456257,-38.0977924
CE,IFCE - Iguatu II,100,100,0.03437287,0.27675019,0.03437287,0.27675019,0.98,6.21,-6.3529374,-39.305621199666476
CE,IFCE - Iguatu I,100,100,0.02918563,0.30187767,0.02918563,0.30187767,0.65,6.18,-6.3529374,-39.305621199666476
CE,UNILAB - Palmares,100,100,0.1039216,1.99351659,0.1039216,1.99351659,0.51,1.71,-4.2134551,-38.7000155
CE,IFCE - Boa Viagem,100,100,0.05556994,0.9990134,0.05556994,0.999013399999999,22.01,13.95,-5.0834966,-39.7066844
CE,UECE-Limoeiro,100,100,0.28815782,0.67364959,0.28815782,0.673649589999999,0.04,4.13,-5.14773005,-38.10114857161505
CE,IFCE - Taua,100,100,3.53691114,1.07544436,3.53691114,1.07544436,0.24,6.67,-6.0014143,-40.300089814776754
CE,UFC Quixada,200,200,3.07676005,0.87927047,1.538380025,0.439635234999999,0.2,5.85,-4.9401875,-37.9774361
CE,IFCE - Pecem,100,100,0.02065838,0.24819819,0.02065838,0.24819819,0.64,1.99,-3.6582257,-38.85833639192471
CE,UECE-Quixada,200,200,0.02229647,0.152191859999999,0.011148235,0.0760959299999999,0.54,7.83,-5.14773005,-38.10114857161505
CE,IFCE - Jaguaribe,100,100,0.04401876,0.46513272,0.04401876,0.465132719999999,0.0,5.63,-5.2364346,-38.1417179
CE,UFC - Pici,1000,1000,0.0,0.0,0.0,0.0,0.01,0.57,-3.7371965,-38.5715426
CE,HGF - Hospital Geral de Fortaleza,1000,1000,3.9904313,6.31010729,0.399043129999999,0.631010729,0.02,0.96,-3.7395495,-38.47626144684169
CE,UVA - Sobral,100,100,4.24137589,5.61899478,4.24137589,5.61899478,0.3,8.78,-3.67660465,-40.340235670870314
CE,UFC - Sobral Derby,200,200,0.13144943,0.98953786,0.0657247149999999,0.494768929999999,0.14,3.36,-3.6814537,-40.33679076234214
CE,UNILAB - Redencao,1000,1000,16.85837496,1.42471736,1.685837496,0.142471736,2.27,1.23,-4.222859850000001,-38.72501980204579
CE,IFCE - Camocim,200,200,0.00063789,0.0004935,0.0203614,0.34784411,0.01,4.55,-2.8977135499999997,-40.860795699399795
CE,IFCE - Canindé,100,100,0.29188062,0.87990917,0.29188062,0.87990917,0.12,2.64,-4.3912549,-39.312620475444994
CE,IFCE - Caucaia,100,100,0.03768665,0.73270003,0.03768665,0.73270003,0.07,1.08,-3.6582257,-38.85833639192471
CE,IFCE - Acarau,200,200,0.03393219,0.51465232,0.017285115,0.257572915,0.01,4.37,-2.8977135499999997,-40.860795699399795
CE,IFCE - Aracati,200,200,0.18684831,1.15022067,0.093424155,0.575110335,0.03,9.47,-4.5671837,-37.7913365
CE,IFCE - Baturite,100,100,0.06445237,0.495409039999999,0.06445237,0.495409039999999,2.35,1.7,-4.34251155,-38.86474862609435
CE,UFC - Russas,200,200,0.238739679999999,2.91568972,0.119369839999999,1.45784486,0.05,9.07,-4.9401875,-37.9774361
CE,IFCE - Crateus,100,100,0.06680199,2.12779836,0.06680199,2.12779836,0.53,5.41,-5.17141375,-40.65814686615536
CE,IFCE - Crato,100,100,0.31188464,5.03783161,0.31188464,5.03783161,0.64,8.66,-7.20433595,-39.448813613903624
CE,UECE - Iguatu,100,100,0.1298651,0.807720209999999,0.1298651,0.80772021,0.82,6.67,-5.74389255,-39.61998356700473
CE,IFCE - Reitoria,1000,1000,43.81918489,53.0112632999999,4.381918489,5.30112633,0.02,0.74,-3.7511482999999997,-38.5384727804734
MA,Universidade Estadual do Maranhão - UEMA,1000,1000,5.78131096,3.16841946,0.578131096,0.316841946,0.0,0.97,-2.5790258,-44.20896500826902
MA,UFMA - Bacanga,2000,2000,28.17691235,62.7465744099999,3.32916814599999,3.13885784549999,0.0,0.3,-2.5609433,-44.312175061267396
MA,IFMA - Timon,100,100,0.11063621,2.36242504999999,0.11063621,2.36242504999999,0.01,6.16,-5.11131665,-42.85363210299148
MA,IFMA - Santa Inês,100,100,0.09300059,0.65354589,0.09300059,0.65354589,0.01,11.14,-5.49106675,-47.496950056223966
MA,IFMA - Barreirinhas,100,100,0.06436799,0.56663248,0.06436799,0.56663248,0.01,3.41,-2.7893985,-42.850052975
MA,IFMA - Monte Castelo,2000,2000,0.24016805,0.00024,1.403540214,0.179924681,0.0,0.91,-2.5357554999999996,-44.277759625
MA,UFMA - Codó,100,100,0.0,0.00028311,0.0,0.00028311,0.0,10.19,-4.442808749999999,-43.890424906462876
MA,UEMA - Arquitetura,1000,1000,0.31384289,0.0275503499999999,0.031384289,0.002755035,0.0,0.0,-2.5319877,-44.30567580733274
MA,UEMA - História,1000,1000,0.03511711,0.57793705,0.003511711,0.057793705,0.0,0.0,-2.5306309,-44.3054542
MA,IFMA - Centro Histórico,1000,1000,0.66205617,0.04400098,0.066205617,0.004400098,0.0,1.0,-2.7893985,-42.850052975
MA,IFMA - Itaqui-Bacanga,1000,1000,1.01536986,0.04321203,0.101536986,0.004321203,0.0,0.5,-2.56730445,-44.3189872022504
MA,IFMA - Reitoria,1000,1000,3.77623123,3.95826394,0.377623123,0.395826393999999,0.0,1.09,-2.498801,-44.2859735
MA,UFMA - Balsas,100,100,0.29813276,2.1262505,0.29813276,2.1262505,0.03,33.82,-7.529779749999999,-46.04021707830853
MA,IFMA - Bacabal,200,200,0.02345097,0.03672551,0.011725485,0.018362755,0.01,9.4,-4.2422783,-44.81636283730004
MA,IFMA - Caxias,100,100,0.50009978,0.04657041,0.50009978,0.04657041,0.0,6.96,-5.11131665,-42.85363210299148
MA,UFMA - Imperatriz,100,100,0.35818094,0.61617876,0.35818094,0.61617876,0.0,10.98,-5.527821749999999,-47.487876865948124
MA,IFMA - Imperatriz,100,100,0.00227492999999999,0.00230907,0.00227493,0.00230907,0.02,49.39,-5.49106675,-47.496950056223966
PB,IFPB – Picuí,100,100,0.06237617,1.03388007999999,0.0623761699999999,1.03388007999999,0.12,2.5,-6.508641,-36.36195169803679
PB,IFPB – Monteiro,100,100,1.56066106,0.19456866,1.56066106,0.19456866,0.1,6.88,-7.9049046,-37.12015713072231
PB,IFPB – Cabedelo Avançado,100,100,0.01543424,0.20419201,0.01543424,0.20419201,0.0,6.43,-6.972778699999999,-34.83299267349702
PB,IFPB – Catolé do Rocha,100,100,0.04921336,1.06235903,0.04921336,1.06235903,0.06,5.44,-6.340530299999999,-37.75584363245973
PB,IFPB – Itabaiana,100,100,0.03244096,0.91922429,0.03244096,0.919224289999999,0.0,6.93,-7.30347495,-35.34590828595829
PB,IFPB – Cajazeiras,100,100,0.41193571,1.35411471,0.41193571,1.35411471,0.0,5.26,-6.8895607,-38.5452684
PB,UFCG – Sousa(centro),100,100,5.63730108,1.24301072,5.63730107999999,1.24301072,0.01,11.23,-6.8880815,-38.555811130039515
PB,UFCG – Sumé,100,100,0.0662304,0.41047943,0.0662304,0.41047943,0.1,6.99,-7.6718408,-36.87822028423704
PB,UFPB – Areia,100,100,0.0,0.0,0.0,0.0,0.03,1.02,-6.9738483,-35.7163857
PB,UFPB – Bananeiras,100,100,0.62457054,5.50358805999999,0.62457054,5.50358805999999,0.0,1.26,-6.7510018,-35.6436482
PB,UFPB – Mamanguape,100,100,0.02141199,0.47830536,0.02141199,0.47830536,0.0,5.23,-6.80605845,-35.075097496610894
PB,UFPB – Rio Tinto,100,100,4.88280302,2.36017436,4.88280302,2.36017436,0.19,24.28,-6.80605845,-35.075097496610894
PB,IFPB – Guarabira,100,100,0.04195844,0.357196719999999,0.04195844,0.357196719999999,0.0,7.21,-6.857639900000001,-35.47025814530899
PB,UFPB – João Pessoa,1000,1000,18.60074318,35.99152727,1.860074318,3.599152727,0.0,2.25,-7.1453211,-34.850626
PB,UEPB – Sede,1000,1000,0.0001939,0.00435232,9.587390703,1.828438653,0.0,0.86,-6.92477165,-36.40485426808745
PB,IFPB – Sousa,100,100,0.01445574,0.01460204,0.01445574,0.01460204,0.0,11.46,-6.84006005,-38.29846886646936
PB,IFPB – Campina Grande,1000,1000,0.00019358,0.00439771,0.0231896879999999,0.142988414999999,0.0,0.89,-7.24014,-35.91544060356186
PB,IFPB – Princesa Isabel,100,100,0.07372369,1.55879454,0.07372369,1.55879454,0.02,6.11,-7.7589982,-38.0149591
PB,IFPB – Patos,100,100,0.05849412,0.34804781,0.05849412,0.34804781,0.0,2.75,-7.0763815,-37.2868757
PB,UFCG – Cajazeiras,100,100,0.0,0.0,0.0,0.0,0.0,5.1,-6.7627161000000005,-38.228151517451835
PB,UFCG – Cuité,100,100,0.63242475,5.21411316,0.63242475,5.21411316,0.86,1.93,-6.49478805,-36.159716513938655
PB,UFCG – Campina Grande,1000,1000,27.5237151499999,32.44646206,2.752371515,3.244646206,0.0,0.18,-7.21424305,-35.90774673147842
PB,UEPB – Direito,1000,1000,6.04766465,90.66608491,0.604785791,9.067043617,0.0,0.9,-6.1831368,-37.4550534
PB,UFCG – Sousa(BR),100,100,0.30162488,7.94259505999999,0.30162488,7.94259505999999,0.0,11.29,-6.7627161000000005,-38.228151517451835
PB,UFCG – Patos,100,100,0.58681777,6.30116201,0.58681777,6.30116201,0.0,2.51,-7.05925115,-37.27444345554409
PE,UFPE - Caruaru,10000,10000,0.31392851,2.92439850999999,0.0031392851,0.0292439850999999,0.0,0.0,-8.2384514,-35.9813567
PE,UNIVASF-PETROLINA,11000,11000,0.0150190499999999,0.00325362,0.136031836818181,0.446087165181818,0.0,10.45,-9.390832750000001,-40.49685666985346
PE,IFPE - Belo Jardim,10100,10100,0.16741967,0.2364727,0.00171014386138613,0.00234618772277227,0.0,3.44,-8.3219553,-36.4165045
PE,IFPE-Paulista,100,100,0.00093503,0.00366461,0.000935029999999999,0.00366461,26.44,2.83,-7.94498445,-34.85833980979737
PE,UFRPE - Serra Talhada,100,100,0.18353831,1.76428404,0.183538309999999,1.76428404,0.07,7.57,-7.9558858,-38.29597002437532
PE,UFRPE - Garanhuns,100,100,0.00038261,0.0003705,0.00038261,0.0003705,0.0,3.62,-8.9061465,-36.4940582
PE,IFPE - Pesqueira,100,100,0.1917835,2.92960650999999,0.1917835,2.92960650999999,0.01,3.52,-8.36518085,-36.681050243407
PE,IFPE - Jaboatão,100,100,1.71353292,0.40369739,1.71353292,0.40369739,0.03,0.61,-8.11277505,-35.01594645912337
PE,IFPE - Ipojuca,100,100,0.05017868,1.27531342,0.05017868,1.27531341999999,0.09,1.23,-8.38430515,-35.04127875291918
PE,IFPE - Caruaru,100,100,0.00058898,0.000107379999999999,0.00058898,0.00010738,0.0,0.0,-8.3219553,-36.4165045
PE,UPE-CARUARU,10000,10000,0.00183238,0.01039653,0.0000183238,0.0001039653,0.0,0.0,-8.8851572,-36.49662943200629
PE,UFAPE-GARANHUNS,10000,10000,0.19382919,2.26952233,0.00193829189999999,0.0226952233,0.0,0.0,-8.90694725,-36.495706200040196
PE,UPE-GARANHUNS,10000,10000,0.0,0.0,0.0,0.0,0.0,0.0,-8.8851572,-36.49662943200629
PE,ASCES-UNITA,1000,1000,0.62185537,6.009571,0.062185537,0.6009571,0.0,2.24,-8.2680152,-35.96454786343922
PE,ESPACO CIENCIA,10000,10000,0.186014109999999,0.0118284599999999,0.00186014109999999,0.0001182846,0.02,1.44,-1.46429945,-48.44539895
PE,HAM - Hospital Agamenon Magalhães,1000,1000,0.0416220999999999,0.03923007,0.00416220999999999,0.003923007,0.0,0.98,-8.03098715,-34.907653133690104
PE,FACEPE - Fundação de Amparo a Ciência e Tecnologia de PE,1000,1000,0.15992978,0.140140859999999,0.015992978,0.0140140859999999,0.26,1.02,-8.060396,-34.901283899999996
PE,IPA - Instituto Agronômico de Pernambuco,1000,1000,0.32860804,0.01193418,0.032860804,0.001193418,0.32,0.92,-8.06380695,-34.92524564344885
PE,Instituto de Tecnologia de Pernambuco (ITEP) - Recife,1000,1000,0.0,0.0,0.0,0.0,0.0,0.63,-8.05865825,-34.95311005285574
PE,UFRPE - CODAI (São Lourenço da Mata),100,100,0.0162963,0.1813581,0.0162963,0.1813581,0.48,0.61,-7.97503415,-35.07852959210898
PE,FUNDAJ Recife - Derby,1000,1000,0.05900009,0.0757682899999999,0.00590000899999999,0.00757682899999999,0.0,1.0,-8.059448249999999,-34.89996298846742
PE,CRCN/NE,1000,1000,0.84909628,9.59517676,0.084909628,0.959517675999999,0.01,0.25,-8.05813545,-34.947739945041164
PE,AGGEU,1000,1000,0.0,0.0,0.0,0.0,0.0,0.78,-8.0491277,-34.94904103150411
PE,HEMOPE - Fundação de Hematologia e Hemoterapia de Pernambuco,1000,1000,0.0,0.0,0.0,0.0,0.25,1.08,-8.052809,-34.8981847
PE,CETENE,1000,1000,8.73487692,2.52568181,0.873487692,0.252568181,0.0,0.88,-8.057990799999999,-34.949558396319944
PE,IFPE - Afogados,100,100,0.09794478,1.72283666,0.0979447799999999,1.72283666,0.02,10.09,-7.7639587,-37.6325782
PI,IFPI-Oeiras,100,100,0.11992225,0.00847294,0.11992225,0.00847294,11.36,5.06,-7.00019185,-42.101121885970805
PI,Hospital Getúlio Vargas - HGV,1000,1000,12.9062876199999,1.63021962999999,1.290628762,0.163021963,0.0,0.64,-5.08818585,-42.804170552862615
PI,IFPI-Pedro II,100,100,0.62588659,0.06062002,0.625886589999999,0.06062002,0.0,5.23,-4.44876715,-41.45736066949998
PI,UFPI-Picos,100,100,1.14341505,0.13201595,1.14341505,0.13201595,6.38,10.32,-7.0814284,-41.43561163598873
PI,IFPI-Picos,100,100,1.14946294,1.82123612,1.14946294,1.82123612,6.27,10.38,-7.00019185,-42.101121885970805
PI,IFPI-Piripiri,100,100,0.73775212,0.13808092,0.73775212,0.13808092,0.02,3.67,-4.289872,-41.7934519
PI,IFPI-São João do Piauí,100,100,0.21871126,1.32365228,0.21871126,1.32365228,0.02,6.38,-8.3622906,-42.2543777
PI,IFPI-Parnaíba,100,100,1.14878569,0.03064022,1.14878569,0.03064022,0.02,6.82,-4.289872,-41.7934519
PI,IFPI-CENTRAL,1000,1000,1.56718612,2.27085786,0.156718612,0.227085785999999,0.0,0.6,-4.289872,-41.7934519
PI,IFPI-REITORIA,1000,1000,1.14820169,0.318011909999999,0.114820169,0.031801191,0.0,0.91,-5.07615745,-42.75211095606509
PI,UESPI-FACIME,1000,1000,0.02266218,0.576643949999999,0.002266218,0.0576643949999999,0.0,0.6,-5.09028365,-42.80315866885935
PI,IFPI-Campo Maior,100,100,0.39148477,0.48309753,0.39148477,0.48309753,0.0,1.62,-4.86350675,-42.14697536699414
PI,IFPI-Cocal,100,100,0.680599439999999,0.02465593,0.680599439999999,0.02465593,0.0,4.12,-3.4631488,-41.58311547143195
PI,UFPI-Bom Jesus,100,100,0.63434351,0.12235388,0.63434351,0.12235388,0.02,8.47,-8.3761783,-43.8589725
PI,IFPI-São Raimundo Nonato,100,100,0.00126073,0.00192844,0.00126073,0.00192844,0.0,7.06,-8.3622906,-42.2543777
RN,UNP - Roberto Freire,1000,1000,3.32671465,114.458275379999,0.332671465,11.445827538,0.0,0.88,-5.8619373,-35.1927836
RN,UNP - Nascimento de Castro,1000,1000,39.18859662,1.08682684,3.91885966199999,0.108682684,0.0,0.5,-5.8138597999999995,-35.216085843929505
RN,UNP - Floriano Peixoto,1000,1000,10.13336884,0.02509889,1.013336884,0.002509889,0.0,1.05,-5.7795319,-35.2002892
RN,IFRN - Reitoria,1000,1000,17.95291401,19.44836599,1.795291401,1.94483659899999,0.0,0.26,-5.811411,-35.20000085688365
RN,IFRN - Campus Central,1000,1000,24.41879252,10.04532381,2.441879252,1.004532381,0.0,0.26,-5.8118032,-35.20313849344003
RN,UFRN - SINFO,10000,10000,75.07900502,86.38574043,0.750790050199999,0.8638574043,0.0,0.96,-5.841485499999999,-35.19868245031725
RN,UNP - Salgado Filho,1000,1000,73.39783367,32.08311102,7.339783367,3.20831110199999,0.0,0.47,-5.81420725,-35.20628191130137
RN,SW.CENTRO.CONVENCOES,10000,10000,0.0,0.0,0.0,0.0,0.0,0.0,-5.86225575,-35.182659901449824
RN,IFRN Joao Camara,100,100,0.0077443,0.08297623,0.0077443,0.08297623,0.0,1.72,-5.5454632,-35.79861998373791
RN,IFRN Apodi,100,100,0.00236184,0.00318188,0.00236184,0.00318188,0.0,18.57,-5.62650795,-37.80793120797712
RN,UFRN Currais Novos,100,100,0.32187024,3.34350798,0.32187024,3.34350798,0.04,15.25,-6.25157245,-36.52997164724819
RN,IFRN Santa Cruz,100,100,0.72565929,2.25328765,0.72565929,2.25328765,0.0,4.17,-6.44557005,-37.06909014341832
RN,IFRN Pau dos Ferros,100,100,0.04552953,0.97257144,0.04552953,0.97257144,0.02,18.81,-6.1457117,-38.20443862513922
RN,UFRN Santa Cruz,100,100,0.10001855,0.74335488,0.10001855,0.74335488,0.0,18.14,-5.8377994,-35.20397829326043
RN,UFERSA Angicos,100,100,0.07852361,1.61479968,0.07852361,1.61479967999999,0.0,3.21,-5.6545457500000005,-36.614305113845994
RN,UFERSA Mossoro,1000,1000,13.45439229,4.16537699,1.345439229,0.416537699,0.01,10.14,-5.20859095,-37.3181010384514
RN,IFRN Currais Novos,100,100,0.00423702,0.0030934,0.00423702,0.0030934,0.04,15.06,-6.2520664,-36.535904452496766
RN,IFRN Mossoro,100,100,0.00435864,0.00471132,0.00435864,0.00471132,0.01,10.18,-5.5336261,-36.88279831064145
RN,UFERSA - Pau dos Ferros,100,100,0.298452049999999,4.34923934,0.298452049999999,4.34923934,0.0,17.13,-6.104798049999999,-38.18320556053
RN,IFRN - São Gonçalo do Amarante,1000,1000,0.903451959999999,1.33376756,0.0903451959999999,0.133376755999999,0.0,0.85,-5.79079655,-35.33848687120734
RN,IFRN - Zona Norte,1000,1000,0.72587862,0.59552779,0.072587862,0.059552779,0.0,0.72,-5.7490939,-35.260864475897435
RN,IFRN - Parnamirim,1000,1000,0.81429182,0.72606442,0.0814291819999999,0.072606442,0.0,0.69,-5.9385311,-35.264408
RN,LIGA - CECAN,1000,1000,76.83616911,12.28475409,7.683616911,1.228475409,0.0,0.95,-5.81570775,-35.22915320603318
RN,UERN - ZN,500,500,0.0,0.00384584,0.0,0.000769168,0.0,0.0,-5.573867249999999,-36.90879316766207
RN,IFRN - Cidade Alta,1000,1000,0.01947971,0.30163077,0.001947971,0.030163077,0.0,0.98,-5.78834825,-35.207157008993754
RN,IFRN Caicó,100,100,0.00341106,0.00337501,0.00341105999999999,0.00337501,0.0,35.69,-6.44557005,-37.06909014341832
RN,Base Naval,500,500,0.06358686,0.793830819999999,0.012717372,0.158766164,0.0,1.52,13.3353096,-87.8344192
RN,UFRN - Escola de Musica,1000,1000,6.82373724,0.7231064,0.682373724,0.07231064,0.0,1.27,-5.83723865,-35.20657117171345
RN,UERN - Mossoró,100,100,0.00637848,0.0448509199999999,0.00637848,0.04485092,0.11,10.76,-5.573867249999999,-36.90879316766207
RN,IFRN Canguaretama,100,100,0.57059606,0.46705918,0.57059606,0.46705918,0.0,22.54,-6.35926635,-35.16293236659836
RN,IFRN Ceara Mirim,100,100,0.03743315,0.203631739999999,0.03743315,0.203631739999999,0.0,1.1,-5.6527136,-35.42896820564843
RN,IFRN Ipanguacu,100,100,0.00535743,0.00519308,0.00535743,0.00519308,0.0,10.96,-5.5336261,-36.88279831064145
RN,UFERSA Caraubas,100,100,0.220302339999999,1.99382688999999,0.220302339999999,1.99382689,0.04,12.71,-5.772194900000001,-37.569104314605994
RN,INPE,500,500,10.15908958,9.41770728,2.031817916,1.883541456,0.02,0.84,-5.8362676,-35.207908251684046
RN,IFRN Sao Paulo do Potengi,100,100,0.01370659,0.52427331,0.01370659,0.52427331,0.0,1.28,-5.89587425,-35.75463061434722
RN,UFRN Caico,100,100,0.20418943,2.35846906,0.20418943,2.35846906,0.04,14.36,-6.25157245,-36.52997164724819
RN,SW.HEMONORTE,500,500,0.09066437,0.02469533,0.018132874,0.004939066,0.0,0.88,-5.8107827499999996,-35.19666158011523
SE,IFS - Aracaju,1000,1000,3.20671798,21.98130003,0.320671798,2.198130003,3.16,0.98,-10.9155152,-37.065422586381786
SE,ITPS,1000,1000,0.0,0.0,0.0,0.0,3.14,1.01,-10.9259066,-37.0479451
SE,IFS - Tobias Barreto,100,100,0.00701742,0.0308428499999999,0.00701742,0.0308428499999999,3.36,5.05,-11.16225935,-37.982744294225924
SE,IFS - Itabaiana,100,100,0.05657533,0.0401149499999999,0.05657533,0.0401149499999999,3.21,3.94,-10.689469500000001,-37.405456540833654
SE,IFS - Lagarto,100,100,0.0590098399999999,0.174763829999999,0.0590098399999999,0.174763829999999,3.35,1.86,-10.93898085,-37.656982456806986
SE,UFS - Itabaiana,100,100,0.37800246,0.93002922,0.37800246,0.930029219999999,3.21,4.16,-10.681705350000001,-37.43582120422384
SE,UFS - São Cristovão,1000,1000,7.86105075999999,10.94521166,0.786105076,1.094521166,3.16,0.82,-10.9271058,-37.101869840097024
SE,UFS - Laranjeiras,100,100,0.10820869,0.98185714,0.10820869,0.98185714,3.23,10.18,-10.8029625,-37.16675719750026
SE,IFS - São Cristovão,200,200,0.07628358,0.33111063,0.0464947599999999,0.27748713,3.16,1.3,-10.689469500000001,-37.405456540833654
SE,IFS - Propriá,100,100,0.0849112599999999,1.29948473,0.0849112599999999,1.29948472999999,0.0,2.77,-10.241822299999999,-36.85431858619676
SE,IFS - Socorro,100,100,0.07328958,1.04383396999999,0.07328958,1.04383397,3.31,1.05,-10.85382875,-37.07279337796379
DF,AEB - Agência Espacial Brasileira,1000,1000,0.79453674,1.08120365,0.079453674,0.108120365,0.01,1.4,-15.815929050000001,-47.94320103389093
DF,CMB - Colégio Militar de Brasília,1000,1000,0.43294865,2.89343336,0.043294865,0.289343336,0.0,0.83,-15.7797132,-47.892924330516166
DF,IFB São Sebastião,1000,1000,0.13805975,1.94337546999999,0.013805975,0.194337547,0.0,1.14,-15.8918245,-47.780143328490034
DF,MEC,1000,1000,0.00158261,0.00132969,0.000158261,0.000132969,0.0,0.97,49.1138894,-122.671695
DF,INMETRO - DF,1000,1000,0.27345479,0.021737,0.027345479,0.00217369999999999,0.0,0.43,-3.7591784,-38.5351298
DF,FNDE,10000,10000,18.84832067,39.57198434,0.1884832067,0.3957198434,0.0,0.33,-15.8008805,-47.88337840605698
DF,UnB - HVET - Hosp. Veterinário,1000,1000,0.00219648,0.00184108999999999,0.000219648,0.000184109,0.01,1.18,-15.7491377,-47.8768349
DF,IFB - Samambaia,1000,1000,0.00006522,0.0005262,6.52199999999999E-06,0.00005262,0.0,1.44,-15.862324650000001,-48.053692350000006
DF,IFB - Planaltina,1000,1000,24.0700015,7.22806863,2.40700015,0.722806863,0.0,1.67,-15.6556015,-47.694959
DF,IFB - Brasilia,1000,1000,6.64699999999999E-05,0.03209634,0.000006647,0.003209634,0.0,1.01,-15.8918245,-47.780143328490034
DF,Sarah Lago ,1000,1000,21.36297451,0.00061993,2.136297451,0.000061993,0.0,1.59,-15.7527096,-47.82932052816312
DF,EBC- Empresa Brasil de Comunicação,1000,1000,5.3875354,10.6760577799999,0.53875354,1.067605778,0.0,0.79,-21.7558839,-41.3231569
DF,Sarah centro,1000,1000,15.39153448,155.79412237,1.539153448,15.579412237,0.01,0.93,-0.1788703,-78.4741073
DF,IFB-Ceilândia,1000,1000,0.00006866,0.00092468,6.86599999999999E-06,0.000092468,0.0,1.4,-15.8428682,-48.09821698037808
DF,Capes,10000,10000,0.0,0.0,0.0,0.0,0.0,0.67,43.0448505,1.3276756
DF,ENAP,1000,1000,5.41690836,7.7137473,0.541690836,0.77137473,0.0,0.94,-33.5416119,-70.75774170327638
DF,EPL,1000,1000,2.64102605,5.75370158999999,0.264102605,0.575370159,0.0,0.93,48.3218532,6.068698232464362
DF,RNP,10000,10000,2.8031031,3.57356247,0.0280310309999999,0.0357356247,0.0,0.66,-14.1232436,-76.26314999157373
DF,FIOCRUZ - DF,1000,1000,28.6143593599999,5.15903199,2.861435936,0.515903199,0.0,0.35,-8.0491277,-34.94904103150411
DF,HFA - Hospital das Forças Armadas,1000,1000,9.67979587,1.67791153,0.967979586999999,0.167791153,0.0,0.84,-15.80220365,-47.9348544929847
DF,CNE,1000,1000,0.64318273,2.23007584,0.064318273,0.223007583999999,0.0,0.93,43.6335207,-79.4177242473176
DF,UnB - Práticas Jurídicas,1000,1000,3.09940904,0.34088052,0.309940903999999,0.034088052,1.34,1.47,-15.8211861,-48.1133097
DF,UNESCO,1000,1000,0.5046492,0.49077124,0.0504649199999999,0.049077124,0.0,0.61,31.5212326,34.436322
DF,CNPq,1000,1000,12.4149597799999,37.64494415,1.241495978,3.76449441499999,0.01,0.64,-15.8590789,-47.927221507756464
DF,CNEN,100,100,0.15022159,0.00846562,0.15022159,0.00846562,0.0,0.5,-14.0684934,-42.49228495706522
DF,CGEE,1000,1000,2.46609598,2.49966116,0.246609598,0.249966116,0.0,0.88,44.55754575,2.2614240180109864
DF,FUNARTE,1000,1000,0.08438569,0.45505237,0.008438569,0.045505237,0.0,0.88,-15.7892313,-47.89673193909984
DF,CAPES - INEP,1000,1000,0.00966462,0.00923906,0.000966462,0.000923906,0.0,0.76,-27.5725205,-48.5270834
DF,UnB,10000,10000,79.83019679,122.130200019999,0.7983019679,1.2213020002,0.0,0.0,45.945530250000004,-66.64018313486694
DF,INMET,1000,1000,29.14502841,37.30437216,2.914502841,3.73043721599999,0.03,1.05,-15.78763205,-47.921428344864566
GO,UFG – Aparecida,100,100,0.04290042,0.26583384,0.04290042,0.26583384,0.05,0.78,-16.8453303,-49.183442
GO,IFG – Uruaçu,100,100,0.12834114,1.00518738,0.12834114,1.00518738,0.0,5.72,-14.5093904,-49.1436136
GO,IFG – Aguas Lindas,100,100,0.09619494,0.77614676,0.09619494,0.77614676,4.75,4.17,-14.108896600000001,-46.32755254173889
GO,IFG – Formosa,100,100,0.06884813,0.49640375,0.06884813,0.49640375,4.74,4.66,-15.562226899999999,-47.327720262756586
GO,UFG – Goias,100,100,0.06987656,0.64566994,0.0698765599999999,0.645669939999999,0.01,2.3,-16.67831435,-49.242925321125355
GO,IFG – Anapolis,100,100,0.0759285099999999,0.18393591,0.07592851,0.18393591,0.0,1.58,-16.3733537,-48.9817442
GO,IFG – Luziania,100,100,0.09474671,1.33771136,0.09474671,1.33771136,4.76,4.67,-14.108896600000001,-46.32755254173889
GO,IFG – Inhumas,100,100,0.08489195,1.1260963,0.08489195,1.1260963,0.03,1.56,-16.372568450000003,-49.499013935777946
GO,IFG - Jatai - Flamboyant,100,100,0.24999858,0.69573653,0.24999858,0.69573653,0.01,4.74,-17.8716013,-51.7346933
GO,UFJ - Riachuelo,200,200,1.95002881,0.78003136,0.975014404999999,0.39001568,0.02,4.74,-17.882399149999998,-51.72718342213798
MT,IFMT - Primavera Leste,20,20,0.06012422,0.58578363,0.3006211,2.92891815,0.0,25.29,-15.555086,-54.28109849862375
MT,IFMT- Alta Floresta,20,20,0.00971358,0.13609645,0.0485679,0.68048225,0.02,50.94,-9.9088623,-56.064871450375236
MT,UFMT - Barra Garças,100,100,0.28590649,1.71985119,0.28590649,1.71985118999999,0.0,11.72,-15.8755707,-52.3112592
MT,IFMT - Pontes e Lacerda,100,100,0.23622369,0.44026115,0.23622369,0.44026115,0.0,6.73,-15.22852955,-59.35004389446598
MT,IFMT - Sorriso,100,100,0.01879707,0.10344314,0.01879707,0.10344314,0.68,35.05,-12.5780016,-55.7406042
MT,IFMT - São Vicente,100,100,0.0,0.0,0.0,0.0,0.0,9.58,-15.8233265,-55.41801761465811
MT,IFMT - Caceres,100,100,0.0276576199999999,0.00662482,0.02765762,0.00662481999999999,0.0,4.04,-16.0913321,-57.6430939
MT,INPP - Cuiabá - MT,2000,2000,0.01531893,0.04496796,0.000770666999999999,0.0033362225,0.0,0.85,-15.60647415,-56.06170590072568
MT,IFMT - Reitoria,2000,2000,4.58385819,1.23724266999999,0.22919931,0.063933898,0.0,0.68,-15.58848315,-56.10596873070399
MT,UFMT- Cuiaba,1000,1000,1.72017867,63.69030212,0.172017867,6.369030212,0.0,1.32,-15.610586000000001,-56.064943070134255
MT,UFR - Rondonopolis,100,100,3.77183185,2.69648262,3.77183185,2.69648262,0.02,6.47,-16.4642655,-54.5774662
MT,IFMT-Cuiaba,2000,2000,4.66685030999999,1.88233019,0.237926748,0.122645133999999,0.03,0.93,-15.592217,-56.09870972783693
MT,INPE-MT,2500,2500,0.00010496,0.00177536,2.377133078,0.124033798399999,0.0,1.35,-23.20918605,-45.85996025017859
MT,IFMT-Varzea Grande,100,100,0.01123498,0.31851894,0.0112349799999999,0.31851894,0.0,1.48,-15.60361415,-56.177144185408366
MT,IFMT - Confresa,4,4,0.04260844,0.21595662,1.065211,5.39891549999999,0.05,40.85,-10.6596234,-51.5645322
MT,IFMT - Bela Vista,2000,2000,0.0915439,0.56935312,0.00664732449999999,0.0284740549999999,0.02,0.63,-15.5798142,-56.06055951901914
MT,UFMT- Pontal do Araguaia,100,100,0.19381107,1.07569407,0.19381107,1.07569407,0.94,27.53,-15.918720050000001,-52.2781049071247
MT,IFMT- Barra do Garças,20,20,0.00796103,0.01283696,0.03980515,0.0641848,0.0,15.41,-15.8742792,-52.3012812
MT,IFMT - Rondonopolis,100,100,0.02303368,0.50159725,0.02303368,0.50159725,0.0,4.4,-15.555086,-54.28109849862375
MT,UFMT- Sinop,100,100,0.14423949,0.03794541,0.14423949,0.03794541,0.84,36.85,-11.8638797,-55.482768564201066
MS,IFMS – Corumbá,20,20,0.10362891,0.50372056,0.51814455,2.5186028,0.0,6.3,-20.48097245,-55.77279026646503
MS,IFMS – Três Lagoas,100,100,3.00564239999999,8.38405191,3.00564239999999,8.38405191,0.0,7.08,-20.7627554,-51.70567566548175
MS,IFMS – Aquidauana,100,100,0.67640371,1.89951061,0.676403709999999,1.89951061,0.0,2.6,-20.48097245,-55.77279026646503
MS,UFMS – Nova Andradina,100,100,0.12260428,1.86819883,0.12260428,1.86819883,0.0,6.83,-22.21730195,-53.33303649906435
MS,IFMS – Ponta Porã,100,100,0.28430979,1.31222698,0.284309789999999,1.31222698,21.41,6.19,-22.61989555,-55.60968669784913
MS,UFMS - Bonito,100,100,0.01391784,0.36884101,0.01391784,0.36884101,0.0,4.2,-21.1152249,-56.51933741913895
MS,UFMS - Pantanal,100,100,0.59648716,2.2308529,0.59648716,2.2308529,0.0,6.36,-19.0003949,-57.6300212
MS,IFMS – Campus II,1000,1000,5.40924257,21.82949254,0.540924257,2.182949254,0.0,1.62,-22.07604095,-53.45892927774928
MS,FIOCRUZ - MS,1000,1000,0.01735295,0.01517376,0.001735295,0.001517376,0.0,0.93,-20.505269849999998,-54.62185472780307
MS,UFMS – Três Lagoas II,100,100,0.31032257,2.09629515,0.31032257,2.09629515,0.0,5.03,-20.784042550000002,-51.66555412344492
MS,CMCG,1000,1000,0.40340634,0.013194,0.040340634,0.00131939999999999,0.0,1.06,-20.43630735,-54.64547563544909
MS,UFMS – Naviraí,100,100,0.07545272,1.05749162,0.07545272,1.05749162,0.0,8.01,-23.022950899999998,-54.1893747952314
MS,UFMS – Ponta Porã,20,20,0.08186221,0.21831546,0.40931105,1.0915773,0.0,8.3,-22.581878,-55.6828945
